Workbook

Sheet SVNCKH2025_2026
A1: TT | B1: Tên đề tài | C1: Detai_name | D1: SV/nhóm SV thực hiện | E1: Mã số sinh viên | F1: Lớp | G1: Người hướng dẫn | H1: Ghi chú | I1: donvi_cu | J1: donvi_name | K1: donvi_ma | L1: ngay_thang | M1: năm
A2: 1 | B2: Phương pháp chỉnh hóa kiểu Tikhonov cho bài toán xác định nguồn trong phương trình đạo hàm riêng | C2: Phương pháp chỉnh hóa kiểu Tikhonov cho bài toán xác định nguồn trong phương trình đạo hàm riêng | D2: Trần Thành Lợi | E2: 3110124037 | F2: 24ST1 | G2: PGS.TS. Phạm Quý Mười | I2: KHOA TOÁN (14 đề tài) | J2: =IFS( ISNUMBER(SEARCH("toán",I2)),"Khoa Toán - Tin, Trường ĐHSP", ISNUMBER(SEARCH("tin",I2)),"Khoa Toán - Tin, Trường ĐHSP", ISNUMBER(SEARCH("lý",I2)),"Khoa Lý - Hóa, Trường ĐHSP", ISNUMBER(SEARCH("hóa",I2)),"Khoa Lý - Hóa, Trường ĐHSP", ISNUMBER(SEARCH("ngữ văn",I2)),"Khoa Ngữ văn - Truyền thông, Trường ĐHSP", ISNUMBER(SEARCH("sử",I2)),"Khoa Sử - Địa - Chính trị, Trường ĐHSP", ISNUMBER(SEARCH("địa",I2)),"Khoa Sử - Địa - Chính trị, Trường ĐHSP", ISNUMBER(SEARCH("chính trị",I2)),"Khoa Sử - Địa - Chính trị, Trường ĐHSP", ISNUMBER(SEARCH("sinh",I2)),"Khoa Sinh - Nông nghiệp - Môi trường, Trường ĐHSP", ISNUMBER(SEARCH("tiểu học",I2)),"Khoa Giáo dục Tiểu học - Mầm non, Trường ĐHSP", ISNUMBER(SEARCH("mầm non",I2)),"Khoa Giáo dục Tiểu học - Mầm non, Trường ĐHSP", ISNUMBER(SEARCH("nghệ thuật",I2)),"Khoa Giáo dục Nghệ thuật - Thể chất, Trường ĐHSP", ISNUMBER(SEARCH("tâm lý",I2)),"Khoa Tâm lý - Giáo dục - Công tác Xã hội, Trường ĐHSP" ) -> #NAME? | K2: =VLOOKUP(J2,'Bảng Đơn vị'!$A$2:$B$10,2,1) -> #NAME? | L2: 45667 | M2: 2025
A3: 2 | C3: =IF(B3<>"",B3,C2) -> Phương pháp chỉnh hóa kiểu Tikhonov cho bài toán xác định nguồn trong phương trình đạo hàm riêng | D3: Trịnh Khải Hoàn | E3: 3110124020 | F3: 24ST2 | I3: KHOA TOÁN (14 đề tài) | J3: =IFS( ISNUMBER(SEARCH("toán",I3)),"Khoa Toán - Tin, Trường ĐHSP", ISNUMBER(SEARCH("tin",I3)),"Khoa Toán - Tin, Trường ĐHSP", ISNUMBER(SEARCH("lý",I3)),"Khoa Lý - Hóa, Trường ĐHSP", ISNUMBER(SEARCH("hóa",I3)),"Khoa Lý - Hóa, Trường ĐHSP", ISNUMBER(SEARCH("ngữ văn",I3)),"Khoa Ngữ văn - Truyền thông, Trường ĐHSP", ISNUMBER(SEARCH("sử",I3)),"Khoa Sử - Địa - Chính trị, Trường ĐHSP", ISNUMBER(SEARCH("địa",I3)),"Khoa Sử - Địa - Chính trị, Trường ĐHSP", ISNUMBER(SEARCH("chính trị",I3)),"Khoa Sử - Địa - Chính trị, Trường ĐHSP", ISNUMBER(SEARCH("sinh",I3)),"Khoa Sinh - Nông nghiệp - Môi trường, Trường ĐHSP", ISNUMBER(SEARCH("tiểu học",I3)),"Khoa Giáo dục Tiểu học - Mầm non, Trường ĐHSP", ISNUMBER(SEARCH("mầm non",I3)),"Khoa Giáo dục Tiểu học - Mầm non, Trường ĐHSP", ISNUMBER(SEARCH("nghệ thuật",I3)),"Khoa Giáo dục Nghệ thuật - Thể chất, Trường ĐHSP", ISNUMBER(SEARCH("tâm lý",I3)),"Khoa Tâm lý - Giáo dục - Công tác Xã hội, Trường ĐHSP" ) -> #NAME? | K3: =VLOOKUP(J3,'Bảng Đơn vị'!$A$2:$B$10,2,1) -> #NAME? | L3: 45668 | M3: 2025
A4: 3 | C4: =IF(B4<>"",B4,C3) -> Phương pháp chỉnh hóa kiểu Tikhonov cho bài toán xác định nguồn trong phương trình đạo hàm riêng | D4: Nguyễn Thị Thanh Châu | E4: 3110124007 | F4: 24ST1 | I4: KHOA TOÁN (14 đề tài) | J4: =IFS( ISNUMBER(SEARCH("toán",I4)),"Khoa Toán - Tin, Trường ĐHSP", ISNUMBER(SEARCH("tin",I4)),"Khoa Toán - Tin, Trường ĐHSP", ISNUMBER(SEARCH("lý",I4)),"Khoa Lý - Hóa, Trường ĐHSP", ISNUMBER(SEARCH("hóa",I4)),"Khoa Lý - Hóa, Trường ĐHSP", ISNUMBER(SEARCH("ngữ văn",I4)),"Khoa Ngữ văn - Truyền thông, Trường ĐHSP", ISNUMBER(SEARCH("sử",I4)),"Khoa Sử - Địa - Chính trị, Trường ĐHSP", ISNUMBER(SEARCH("địa",I4)),"Khoa Sử - Địa - Chính trị, Trường ĐHSP", ISNUMBER(SEARCH("chính trị",I4)),"Khoa Sử - Địa - Chính trị, Trường ĐHSP", ISNUMBER(SEARCH("sinh",I4)),"Khoa Sinh - Nông nghiệp - Môi trường, Trường ĐHSP", ISNUMBER(SEARCH("tiểu học",I4)),"Khoa Giáo dục Tiểu học - Mầm non, Trường ĐHSP", ISNUMBER(SEARCH("mầm non",I4)),"Khoa Giáo dục Tiểu học - Mầm non, Trường ĐHSP", ISNUMBER(SEARCH("nghệ thuật",I4)),"Khoa Giáo dục Nghệ thuật - Thể chất, Trường ĐHSP", ISNUMBER(SEARCH("tâm lý",I4)),"Khoa Tâm lý - Giáo dục - Công tác Xã hội, Trường ĐHSP" ) -> #NAME? | K4: =VLOOKUP(J4,'Bảng Đơn vị'!$A$2:$B$10,2,1) -> #NAME? | L4: 45669 | M4: 2025
A5: 4 | C5: =IF(B5<>"",B5,C4) -> Phương pháp chỉnh hóa kiểu Tikhonov cho bài toán xác định nguồn trong phương trình đạo hàm riêng | D5: Đinh Thành Tuân | E5: 3110121144 | F5: 21ST2 | I5: KHOA TOÁN (14 đề tài) | J5: =IFS( ISNUMBER(SEARCH("toán",I5)),"Khoa Toán - Tin, Trường ĐHSP", ISNUMBER(SEARCH("tin",I5)),"Khoa Toán - Tin, Trường ĐHSP", ISNUMBER(SEARCH("lý",I5)),"Khoa Lý - Hóa, Trường ĐHSP", ISNUMBER(SEARCH("hóa",I5)),"Khoa Lý - Hóa, Trường ĐHSP", ISNUMBER(SEARCH("ngữ văn",I5)),"Khoa Ngữ văn - Truyền thông, Trường ĐHSP", ISNUMBER(SEARCH("sử",I5)),"Khoa Sử - Địa - Chính trị, Trường ĐHSP", ISNUMBER(SEARCH("địa",I5)),"Khoa Sử - Địa - Chính trị, Trường ĐHSP", ISNUMBER(SEARCH("chính trị",I5)),"Khoa Sử - Địa - Chính trị, Trường ĐHSP", ISNUMBER(SEARCH("sinh",I5)),"Khoa Sinh - Nông nghiệp - Môi trường, Trường ĐHSP", ISNUMBER(SEARCH("tiểu học",I5)),"Khoa Giáo dục Tiểu học - Mầm non, Trường ĐHSP", ISNUMBER(SEARCH("mầm non",I5)),"Khoa Giáo dục Tiểu học - Mầm non, Trường ĐHSP", ISNUMBER(SEARCH("nghệ thuật",I5)),"Khoa Giáo dục Nghệ thuật - Thể chất, Trường ĐHSP", ISNUMBER(SEARCH("tâm lý",I5)),"Khoa Tâm lý - Giáo dục - Công tác Xã hội, Trường ĐHSP" ) -> #NAME? | K5: =VLOOKUP(J5,'Bảng Đơn vị'!$A$2:$B$10,2,1) -> #NAME? | L5: 45670 | M5: 2025
A6: 5 | C6: =IF(B6<>"",B6,C5) -> Phương pháp chỉnh hóa kiểu Tikhonov cho bài toán xác định nguồn trong phương trình đạo hàm riêng | D6: Đỗ Thị Ly Na | E6: 3110124044 | F6: 24ST2 | I6: KHOA TOÁN (14 đề tài) | J6: =IFS( ISNUMBER(SEARCH("toán",I6)),"Khoa Toán - Tin, Trường ĐHSP", ISNUMBER(SEARCH("tin",I6)),"Khoa Toán - Tin, Trường ĐHSP", ISNUMBER(SEARCH("lý",I6)),"Khoa Lý - Hóa, Trường ĐHSP", ISNUMBER(SEARCH("hóa",I6)),"Khoa Lý - Hóa, Trường ĐHSP", ISNUMBER(SEARCH("ngữ văn",I6)),"Khoa Ngữ văn - Truyền thông, Trường ĐHSP", ISNUMBER(SEARCH("sử",I6)),"Khoa Sử - Địa - Chính trị, Trường ĐHSP", ISNUMBER(SEARCH("địa",I6)),"Khoa Sử - Địa - Chính trị, Trường ĐHSP", ISNUMBER(SEARCH("chính trị",I6)),"Khoa Sử - Địa - Chính trị, Trường ĐHSP", ISNUMBER(SEARCH("sinh",I6)),"Khoa Sinh - Nông nghiệp - Môi trường, Trường ĐHSP", ISNUMBER(SEARCH("tiểu học",I6)),"Khoa Giáo dục Tiểu học - Mầm non, Trường ĐHSP", ISNUMBER(SEARCH("mầm non",I6)),"Khoa Giáo dục Tiểu học - Mầm non, Trường ĐHSP", ISNUMBER(SEARCH("nghệ thuật",I6)),"Khoa Giáo dục Nghệ thuật - Thể chất, Trường ĐHSP", ISNUMBER(SEARCH("tâm lý",I6)),"Khoa Tâm lý - Giáo dục - Công tác Xã hội, Trường ĐHSP" ) -> #NAME? | K6: =VLOOKUP(J6,'Bảng Đơn vị'!$A$2:$B$10,2,1) -> #NAME? | L6: 45671 | M6: 2025
A7: 6 | B7: Đạo hàm Newton cho hàm một biến số thực và ứng dụng | C7: =IF(B7<>"",B7,C6) -> Đạo hàm Newton cho hàm một biến số thực và ứng dụng | D7: Nguyễn Ngô Yến Nhi | E7: 3110124050 | F7: 24ST2 | G7: PGS.TS. Phạm Quý Mười | I7: KHOA TOÁN (14 đề tài) | J7: =IFS( ISNUMBER(SEARCH("toán",I7)),"Khoa Toán - Tin, Trường ĐHSP", ISNUMBER(SEARCH("tin",I7)),"Khoa Toán - Tin, Trường ĐHSP", ISNUMBER(SEARCH("lý",I7)),"Khoa Lý - Hóa, Trường ĐHSP", ISNUMBER(SEARCH("hóa",I7)),"Khoa Lý - Hóa, Trường ĐHSP", ISNUMBER(SEARCH("ngữ văn",I7)),"Khoa Ngữ văn - Truyền thông, Trường ĐHSP", ISNUMBER(SEARCH("sử",I7)),"Khoa Sử - Địa - Chính trị, Trường ĐHSP", ISNUMBER(SEARCH("địa",I7)),"Khoa Sử - Địa - Chính trị, Trường ĐHSP", ISNUMBER(SEARCH("chính trị",I7)),"Khoa Sử - Địa - Chính trị, Trường ĐHSP", ISNUMBER(SEARCH("sinh",I7)),"Khoa Sinh - Nông nghiệp - Môi trường, Trường ĐHSP", ISNUMBER(SEARCH("tiểu học",I7)),"Khoa Giáo dục Tiểu học - Mầm non, Trường ĐHSP", ISNUMBER(SEARCH("mầm non",I7)),"Khoa Giáo dục Tiểu học - Mầm non, Trường ĐHSP", ISNUMBER(SEARCH("nghệ thuật",I7)),"Khoa Giáo dục Nghệ thuật - Thể chất, Trường ĐHSP", ISNUMBER(SEARCH("tâm lý",I7)),"Khoa Tâm lý - Giáo dục - Công tác Xã hội, Trường ĐHSP" ) -> #NAME? | K7: =VLOOKUP(J7,'Bảng Đơn vị'!$A$2:$B$10,2,1) -> #NAME? | L7: 45672 | M7: 2025
A8: 7 | C8: =IF(B8<>"",B8,C7) -> Đạo hàm Newton cho hàm một biến số thực và ứng dụng | D8: Nguyễn Lam Thi | E8: 3110124065 | I8: KHOA TOÁN (14 đề tài) | J8: =IFS( ISNUMBER(SEARCH("toán",I8)),"Khoa Toán - Tin, Trường ĐHSP", ISNUMBER(SEARCH("tin",I8)),"Khoa Toán - Tin, Trường ĐHSP", ISNUMBER(SEARCH("lý",I8)),"Khoa Lý - Hóa, Trường ĐHSP", ISNUMBER(SEARCH("hóa",I8)),"Khoa Lý - Hóa, Trường ĐHSP", ISNUMBER(SEARCH("ngữ văn",I8)),"Khoa Ngữ văn - Truyền thông, Trường ĐHSP", ISNUMBER(SEARCH("sử",I8)),"Khoa Sử - Địa - Chính trị, Trường ĐHSP", ISNUMBER(SEARCH("địa",I8)),"Khoa Sử - Địa - Chính trị, Trường ĐHSP", ISNUMBER(SEARCH("chính trị",I8)),"Khoa Sử - Địa - Chính trị, Trường ĐHSP", ISNUMBER(SEARCH("sinh",I8)),"Khoa Sinh - Nông nghiệp - Môi trường, Trường ĐHSP", ISNUMBER(SEARCH("tiểu học",I8)),"Khoa Giáo dục Tiểu học - Mầm non, Trường ĐHSP", ISNUMBER(SEARCH("mầm non",I8)),"Khoa Giáo dục Tiểu học - Mầm non, Trường ĐHSP", ISNUMBER(SEARCH("nghệ thuật",I8)),"Khoa Giáo dục Nghệ thuật - Thể chất, Trường ĐHSP", ISNUMBER(SEARCH("tâm lý",I8)),"Khoa Tâm lý - Giáo dục - Công tác Xã hội, Trường ĐHSP" ) -> #NAME? | K8: =VLOOKUP(J8,'Bảng Đơn vị'!$A$2:$B$10,2,1) -> #NAME? | L8: 45673 | M8: 2025
A9: 8 | C9: =IF(B9<>"",B9,C8) -> Đạo hàm Newton cho hàm một biến số thực và ứng dụng | D9: Phan Thanh Tùng | E9: 3110124090 | I9: KHOA TOÁN (14 đề tài) | J9: =IFS( ISNUMBER(SEARCH("toán",I9)),"Khoa Toán - Tin, Trường ĐHSP", ISNUMBER(SEARCH("tin",I9)),"Khoa Toán - Tin, Trường ĐHSP", ISNUMBER(SEARCH("lý",I9)),"Khoa Lý - Hóa, Trường ĐHSP", ISNUMBER(SEARCH("hóa",I9)),"Khoa Lý - Hóa, Trường ĐHSP", ISNUMBER(SEARCH("ngữ văn",I9)),"Khoa Ngữ văn - Truyền thông, Trường ĐHSP", ISNUMBER(SEARCH("sử",I9)),"Khoa Sử - Địa - Chính trị, Trường ĐHSP", ISNUMBER(SEARCH("địa",I9)),"Khoa Sử - Địa - Chính trị, Trường ĐHSP", ISNUMBER(SEARCH("chính trị",I9)),"Khoa Sử - Địa - Chính trị, Trường ĐHSP", ISNUMBER(SEARCH("sinh",I9)),"Khoa Sinh - Nông nghiệp - Môi trường, Trường ĐHSP", ISNUMBER(SEARCH("tiểu học",I9)),"Khoa Giáo dục Tiểu học - Mầm non, Trường ĐHSP", ISNUMBER(SEARCH("mầm non",I9)),"Khoa Giáo dục Tiểu học - Mầm non, Trường ĐHSP", ISNUMBER(SEARCH("nghệ thuật",I9)),"Khoa Giáo dục Nghệ thuật - Thể chất, Trường ĐHSP", ISNUMBER(SEARCH("tâm lý",I9)),"Khoa Tâm lý - Giáo dục - Công tác Xã hội, Trường ĐHSP" ) -> #NAME? | K9: =VLOOKUP(J9,'Bảng Đơn vị'!$A$2:$B$10,2,1) -> #NAME? | L9: 45674 | M9: 2025
A10: 9 | C10: =IF(B10<>"",B10,C9) -> Đạo hàm Newton cho hàm một biến số thực và ứng dụng | D10: Đặng Kim Anh | E10: 3110124002 | I10: KHOA TOÁN (14 đề tài) | J10: =IFS( ISNUMBER(SEARCH("toán",I10)),"Khoa Toán - Tin, Trường ĐHSP", ISNUMBER(SEARCH("tin",I10)),"Khoa Toán - Tin, Trường ĐHSP", ISNUMBER(SEARCH("lý",I10)),"Khoa Lý - Hóa, Trường ĐHSP", ISNUMBER(SEARCH("hóa",I10)),"Khoa Lý - Hóa, Trường ĐHSP", ISNUMBER(SEARCH("ngữ văn",I10)),"Khoa Ngữ văn - Truyền thông, Trường ĐHSP", ISNUMBER(SEARCH("sử",I10)),"Khoa Sử - Địa - Chính trị, Trường ĐHSP", ISNUMBER(SEARCH("địa",I10)),"Khoa Sử - Địa - Chính trị, Trường ĐHSP", ISNUMBER(SEARCH("chính trị",I10)),"Khoa Sử - Địa - Chính trị, Trường ĐHSP", ISNUMBER(SEARCH("sinh",I10)),"Khoa Sinh - Nông nghiệp - Môi trường, Trường ĐHSP", ISNUMBER(SEARCH("tiểu học",I10)),"Khoa Giáo dục Tiểu học - Mầm non, Trường ĐHSP", ISNUMBER(SEARCH("mầm non",I10)),"Khoa Giáo dục Tiểu học - Mầm non, Trường ĐHSP", ISNUMBER(SEARCH("nghệ thuật",I10)),"Khoa Giáo dục Nghệ thuật - Thể chất, Trường ĐHSP", ISNUMBER(SEARCH("tâm lý",I10)),"Khoa Tâm lý - Giáo dục - Công tác Xã hội, Trường ĐHSP" ) -> #NAME? | K10: =VLOOKUP(J10,'Bảng Đơn vị'!$A$2:$B$10,2,1) -> #NAME? | L10: 45675 | M10: 2025
A11: 10 | C11: =IF(B11<>"",B11,C10) -> Đạo hàm Newton cho hàm một biến số thực và ứng dụng | D11: Ông Hoàng Anh Kiệt | E11: 3110124034 | I11: KHOA TOÁN (14 đề tài) | J11: =IFS( ISNUMBER(SEARCH("toán",I11)),"Khoa Toán - Tin, Trường ĐHSP", ISNUMBER(SEARCH("tin",I11)),"Khoa Toán - Tin, Trường ĐHSP", ISNUMBER(SEARCH("lý",I11)),"Khoa Lý - Hóa, Trường ĐHSP", ISNUMBER(SEARCH("hóa",I11)),"Khoa Lý - Hóa, Trường ĐHSP", ISNUMBER(SEARCH("ngữ văn",I11)),"Khoa Ngữ văn - Truyền thông, Trường ĐHSP", ISNUMBER(SEARCH("sử",I11)),"Khoa Sử - Địa - Chính trị, Trường ĐHSP", ISNUMBER(SEARCH("địa",I11)),"Khoa Sử - Địa - Chính trị, Trường ĐHSP", ISNUMBER(SEARCH("chính trị",I11)),"Khoa Sử - Địa - Chính trị, Trường ĐHSP", ISNUMBER(SEARCH("sinh",I11)),"Khoa Sinh - Nông nghiệp - Môi trường, Trường ĐHSP", ISNUMBER(SEARCH("tiểu học",I11)),"Khoa Giáo dục Tiểu học - Mầm non, Trường ĐHSP", ISNUMBER(SEARCH("mầm non",I11)),"Khoa Giáo dục Tiểu học - Mầm non, Trường ĐHSP", ISNUMBER(SEARCH("nghệ thuật",I11)),"Khoa Giáo dục Nghệ thuật - Thể chất, Trường ĐHSP", ISNUMBER(SEARCH("tâm lý",I11)),"Khoa Tâm lý - Giáo dục - Công tác Xã hội, Trường ĐHSP" ) -> #NAME? | K11: =VLOOKUP(J11,'Bảng Đơn vị'!$A$2:$B$10,2,1) -> #NAME? | L11: 45676 | M11: 2025
A12: 11 | B12: Vấn đề xấp xỉ trơn hàm điều hoà dưới một biến phức | C12: =IF(B12<>"",B12,C11) -> Vấn đề xấp xỉ trơn hàm điều hoà dưới một biến phức | D12: Bùi Lê Hương Thảo | E12: 3110123084 | F12: 23ST1 | G12: TS. Hoàng Nhật Quy | I12: KHOA TOÁN (14 đề tài) | J12: =IFS( ISNUMBER(SEARCH("toán",I12)),"Khoa Toán - Tin, Trường ĐHSP", ISNUMBER(SEARCH("tin",I12)),"Khoa Toán - Tin, Trường ĐHSP", ISNUMBER(SEARCH("lý",I12)),"Khoa Lý - Hóa, Trường ĐHSP", ISNUMBER(SEARCH("hóa",I12)),"Khoa Lý - Hóa, Trường ĐHSP", ISNUMBER(SEARCH("ngữ văn",I12)),"Khoa Ngữ văn - Truyền thông, Trường ĐHSP", ISNUMBER(SEARCH("sử",I12)),"Khoa Sử - Địa - Chính trị, Trường ĐHSP", ISNUMBER(SEARCH("địa",I12)),"Khoa Sử - Địa - Chính trị, Trường ĐHSP", ISNUMBER(SEARCH("chính trị",I12)),"Khoa Sử - Địa - Chính trị, Trường ĐHSP", ISNUMBER(SEARCH("sinh",I12)),"Khoa Sinh - Nông nghiệp - Môi trường, Trường ĐHSP", ISNUMBER(SEARCH("tiểu học",I12)),"Khoa Giáo dục Tiểu học - Mầm non, Trường ĐHSP", ISNUMBER(SEARCH("mầm non",I12)),"Khoa Giáo dục Tiểu học - Mầm non, Trường ĐHSP", ISNUMBER(SEARCH("nghệ thuật",I12)),"Khoa Giáo dục Nghệ thuật - Thể chất, Trường ĐHSP", ISNUMBER(SEARCH("tâm lý",I12)),"Khoa Tâm lý - Giáo dục - Công tác Xã hội, Trường ĐHSP" ) -> #NAME? | K12: =VLOOKUP(J12,'Bảng Đơn vị'!$A$2:$B$10,2,1) -> #NAME? | L12: 45677 | M12: 2025
A13: 12 | C13: =IF(B13<>"",B13,C12) -> Vấn đề xấp xỉ trơn hàm điều hoà dưới một biến phức | D13: Phan Huy Phúc | E13: 3110123076 | F13: 23ST1 | I13: KHOA TOÁN (14 đề tài) | J13: =IFS( ISNUMBER(SEARCH("toán",I13)),"Khoa Toán - Tin, Trường ĐHSP", ISNUMBER(SEARCH("tin",I13)),"Khoa Toán - Tin, Trường ĐHSP", ISNUMBER(SEARCH("lý",I13)),"Khoa Lý - Hóa, Trường ĐHSP", ISNUMBER(SEARCH("hóa",I13)),"Khoa Lý - Hóa, Trường ĐHSP", ISNUMBER(SEARCH("ngữ văn",I13)),"Khoa Ngữ văn - Truyền thông, Trường ĐHSP", ISNUMBER(SEARCH("sử",I13)),"Khoa Sử - Địa - Chính trị, Trường ĐHSP", ISNUMBER(SEARCH("địa",I13)),"Khoa Sử - Địa - Chính trị, Trường ĐHSP", ISNUMBER(SEARCH("chính trị",I13)),"Khoa Sử - Địa - Chính trị, Trường ĐHSP", ISNUMBER(SEARCH("sinh",I13)),"Khoa Sinh - Nông nghiệp - Môi trường, Trường ĐHSP", ISNUMBER(SEARCH("tiểu học",I13)),"Khoa Giáo dục Tiểu học - Mầm non, Trường ĐHSP", ISNUMBER(SEARCH("mầm non",I13)),"Khoa Giáo dục Tiểu học - Mầm non, Trường ĐHSP", ISNUMBER(SEARCH("nghệ thuật",I13)),"Khoa Giáo dục Nghệ thuật - Thể chất, Trường ĐHSP", ISNUMBER(SEARCH("tâm lý",I13)),"Khoa Tâm lý - Giáo dục - Công tác Xã hội, Trường ĐHSP" ) -> #NAME? | K13: =VLOOKUP(J13,'Bảng Đơn vị'!$A$2:$B$10,2,1) -> #NAME? | L13: 45678 | M13: 2025
A14: 13 | C14: =IF(B14<>"",B14,C13) -> Vấn đề xấp xỉ trơn hàm điều hoà dưới một biến phức | D14: Tạ Tiểu Mi | E14: 3110123057 | F14: 23ST1 | I14: KHOA TOÁN (14 đề tài) | J14: =IFS( ISNUMBER(SEARCH("toán",I14)),"Khoa Toán - Tin, Trường ĐHSP", ISNUMBER(SEARCH("tin",I14)),"Khoa Toán - Tin, Trường ĐHSP", ISNUMBER(SEARCH("lý",I14)),"Khoa Lý - Hóa, Trường ĐHSP", ISNUMBER(SEARCH("hóa",I14)),"Khoa Lý - Hóa, Trường ĐHSP", ISNUMBER(SEARCH("ngữ văn",I14)),"Khoa Ngữ văn - Truyền thông, Trường ĐHSP", ISNUMBER(SEARCH("sử",I14)),"Khoa Sử - Địa - Chính trị, Trường ĐHSP", ISNUMBER(SEARCH("địa",I14)),"Khoa Sử - Địa - Chính trị, Trường ĐHSP", ISNUMBER(SEARCH("chính trị",I14)),"Khoa Sử - Địa - Chính trị, Trường ĐHSP", ISNUMBER(SEARCH("sinh",I14)),"Khoa Sinh - Nông nghiệp - Môi trường, Trường ĐHSP", ISNUMBER(SEARCH("tiểu học",I14)),"Khoa Giáo dục Tiểu học - Mầm non, Trường ĐHSP", ISNUMBER(SEARCH("mầm non",I14)),"Khoa Giáo dục Tiểu học - Mầm non, Trường ĐHSP", ISNUMBER(SEARCH("nghệ thuật",I14)),"Khoa Giáo dục Nghệ thuật - Thể chất, Trường ĐHSP", ISNUMBER(SEARCH("tâm lý",I14)),"Khoa Tâm lý - Giáo dục - Công tác Xã hội, Trường ĐHSP" ) -> #NAME? | K14: =VLOOKUP(J14,'Bảng Đơn vị'!$A$2:$B$10,2,1) -> #NAME? | L14: 45679 | M14: 2025
A15: 14 | C15: =IF(B15<>"",B15,C14) -> Vấn đề xấp xỉ trơn hàm điều hoà dưới một biến phức | D15: Trần Mạnh Tân | E15: 3110123082 | F15: 23ST1 | I15: KHOA TOÁN (14 đề tài) | J15: =IFS( ISNUMBER(SEARCH("toán",I15)),"Khoa Toán - Tin, Trường ĐHSP", ISNUMBER(SEARCH("tin",I15)),"Khoa Toán - Tin, Trường ĐHSP", ISNUMBER(SEARCH("lý",I15)),"Khoa Lý - Hóa, Trường ĐHSP", ISNUMBER(SEARCH("hóa",I15)),"Khoa Lý - Hóa, Trường ĐHSP", ISNUMBER(SEARCH("ngữ văn",I15)),"Khoa Ngữ văn - Truyền thông, Trường ĐHSP", ISNUMBER(SEARCH("sử",I15)),"Khoa Sử - Địa - Chính trị, Trường ĐHSP", ISNUMBER(SEARCH("địa",I15)),"Khoa Sử - Địa - Chính trị, Trường ĐHSP", ISNUMBER(SEARCH("chính trị",I15)),"Khoa Sử - Địa - Chính trị, Trường ĐHSP", ISNUMBER(SEARCH("sinh",I15)),"Khoa Sinh - Nông nghiệp - Môi trường, Trường ĐHSP", ISNUMBER(SEARCH("tiểu học",I15)),"Khoa Giáo dục Tiểu học - Mầm non, Trường ĐHSP", ISNUMBER(SEARCH("mầm non",I15)),"Khoa Giáo dục Tiểu học - Mầm non, Trường ĐHSP", ISNUMBER(SEARCH("nghệ thuật",I15)),"Khoa Giáo dục Nghệ thuật - Thể chất, Trường ĐHSP", ISNUMBER(SEARCH("tâm lý",I15)),"Khoa Tâm lý - Giáo dục - Công tác Xã hội, Trường ĐHSP" ) -> #NAME? | K15: =VLOOKUP(J15,'Bảng Đơn vị'!$A$2:$B$10,2,1) -> #NAME? | L15: 45680 | M15: 2025
A16: 15 | C16: =IF(B16<>"",B16,C15) -> Vấn đề xấp xỉ trơn hàm điều hoà dưới một biến phức | D16: Hồ Duy Nguyên | E16: 3110121044 | F16: 21ST1 | I16: KHOA TOÁN (14 đề tài) | J16: =IFS( ISNUMBER(SEARCH("toán",I16)),"Khoa Toán - Tin, Trường ĐHSP", ISNUMBER(SEARCH("tin",I16)),"Khoa Toán - Tin, Trường ĐHSP", ISNUMBER(SEARCH("lý",I16)),"Khoa Lý - Hóa, Trường ĐHSP", ISNUMBER(SEARCH("hóa",I16)),"Khoa Lý - Hóa, Trường ĐHSP", ISNUMBER(SEARCH("ngữ văn",I16)),"Khoa Ngữ văn - Truyền thông, Trường ĐHSP", ISNUMBER(SEARCH("sử",I16)),"Khoa Sử - Địa - Chính trị, Trường ĐHSP", ISNUMBER(SEARCH("địa",I16)),"Khoa Sử - Địa - Chính trị, Trường ĐHSP", ISNUMBER(SEARCH("chính trị",I16)),"Khoa Sử - Địa - Chính trị, Trường ĐHSP", ISNUMBER(SEARCH("sinh",I16)),"Khoa Sinh - Nông nghiệp - Môi trường, Trường ĐHSP", ISNUMBER(SEARCH("tiểu học",I16)),"Khoa Giáo dục Tiểu học - Mầm non, Trường ĐHSP", ISNUMBER(SEARCH("mầm non",I16)),"Khoa Giáo dục Tiểu học - Mầm non, Trường ĐHSP", ISNUMBER(SEARCH("nghệ thuật",I16)),"Khoa Giáo dục Nghệ thuật - Thể chất, Trường ĐHSP", ISNUMBER(SEARCH("tâm lý",I16)),"Khoa Tâm lý - Giáo dục - Công tác Xã hội, Trường ĐHSP" ) -> #NAME? | K16: =VLOOKUP(J16,'Bảng Đơn vị'!$A$2:$B$10,2,1) -> #NAME? | L16: 45681 | M16: 2025
A17: 16 | B17: Ứng dụng thuật toán Euclid khai triển liên phân số của số thực và lập mật mã | C17: =IF(B17<>"",B17,C16) -> Ứng dụng thuật toán Euclid khai triển liên phân số của số thực và lập mật mã | D17: Phạm Mẫn Minh | E17: 3110123059 | F17: 23ST1 | G17: TS. Hoàng Nhật Quy | I17: KHOA TOÁN (14 đề tài) | J17: =IFS( ISNUMBER(SEARCH("toán",I17)),"Khoa Toán - Tin, Trường ĐHSP", ISNUMBER(SEARCH("tin",I17)),"Khoa Toán - Tin, Trường ĐHSP", ISNUMBER(SEARCH("lý",I17)),"Khoa Lý - Hóa, Trường ĐHSP", ISNUMBER(SEARCH("hóa",I17)),"Khoa Lý - Hóa, Trường ĐHSP", ISNUMBER(SEARCH("ngữ văn",I17)),"Khoa Ngữ văn - Truyền thông, Trường ĐHSP", ISNUMBER(SEARCH("sử",I17)),"Khoa Sử - Địa - Chính trị, Trường ĐHSP", ISNUMBER(SEARCH("địa",I17)),"Khoa Sử - Địa - Chính trị, Trường ĐHSP", ISNUMBER(SEARCH("chính trị",I17)),"Khoa Sử - Địa - Chính trị, Trường ĐHSP", ISNUMBER(SEARCH("sinh",I17)),"Khoa Sinh - Nông nghiệp - Môi trường, Trường ĐHSP", ISNUMBER(SEARCH("tiểu học",I17)),"Khoa Giáo dục Tiểu học - Mầm non, Trường ĐHSP", ISNUMBER(SEARCH("mầm non",I17)),"Khoa Giáo dục Tiểu học - Mầm non, Trường ĐHSP", ISNUMBER(SEARCH("nghệ thuật",I17)),"Khoa Giáo dục Nghệ thuật - Thể chất, Trường ĐHSP", ISNUMBER(SEARCH("tâm lý",I17)),"Khoa Tâm lý - Giáo dục - Công tác Xã hội, Trường ĐHSP" ) -> #NAME? | K17: =VLOOKUP(J17,'Bảng Đơn vị'!$A$2:$B$10,2,1) -> #NAME? | L17: 45682 | M17: 2025
A18: 17 | C18: =IF(B18<>"",B18,C17) -> Ứng dụng thuật toán Euclid khai triển liên phân số của số thực và lập mật mã | D18: Võ Thị Thanh Giang | E18: 3110123019 | F18: 23ST1 | I18: KHOA TOÁN (14 đề tài) | J18: =IFS( ISNUMBER(SEARCH("toán",I18)),"Khoa Toán - Tin, Trường ĐHSP", ISNUMBER(SEARCH("tin",I18)),"Khoa Toán - Tin, Trường ĐHSP", ISNUMBER(SEARCH("lý",I18)),"Khoa Lý - Hóa, Trường ĐHSP", ISNUMBER(SEARCH("hóa",I18)),"Khoa Lý - Hóa, Trường ĐHSP", ISNUMBER(SEARCH("ngữ văn",I18)),"Khoa Ngữ văn - Truyền thông, Trường ĐHSP", ISNUMBER(SEARCH("sử",I18)),"Khoa Sử - Địa - Chính trị, Trường ĐHSP", ISNUMBER(SEARCH("địa",I18)),"Khoa Sử - Địa - Chính trị, Trường ĐHSP", ISNUMBER(SEARCH("chính trị",I18)),"Khoa Sử - Địa - Chính trị, Trường ĐHSP", ISNUMBER(SEARCH("sinh",I18)),"Khoa Sinh - Nông nghiệp - Môi trường, Trường ĐHSP", ISNUMBER(SEARCH("tiểu học",I18)),"Khoa Giáo dục Tiểu học - Mầm non, Trường ĐHSP", ISNUMBER(SEARCH("mầm non",I18)),"Khoa Giáo dục Tiểu học - Mầm non, Trường ĐHSP", ISNUMBER(SEARCH("nghệ thuật",I18)),"Khoa Giáo dục Nghệ thuật - Thể chất, Trường ĐHSP", ISNUMBER(SEARCH("tâm lý",I18)),"Khoa Tâm lý - Giáo dục - Công tác Xã hội, Trường ĐHSP" ) -> #NAME? | K18: =VLOOKUP(J18,'Bảng Đơn vị'!$A$2:$B$10,2,1) -> #NAME? | L18: 45683 | M18: 2025
A19: 18 | C19: =IF(B19<>"",B19,C18) -> Ứng dụng thuật toán Euclid khai triển liên phân số của số thực và lập mật mã | D19: Ngô Thị Thu Ba | E19: 3110123005 | F19: 23ST1 | I19: KHOA TOÁN (14 đề tài) | J19: =IFS( ISNUMBER(SEARCH("toán",I19)),"Khoa Toán - Tin, Trường ĐHSP", ISNUMBER(SEARCH("tin",I19)),"Khoa Toán - Tin, Trường ĐHSP", ISNUMBER(SEARCH("lý",I19)),"Khoa Lý - Hóa, Trường ĐHSP", ISNUMBER(SEARCH("hóa",I19)),"Khoa Lý - Hóa, Trường ĐHSP", ISNUMBER(SEARCH("ngữ văn",I19)),"Khoa Ngữ văn - Truyền thông, Trường ĐHSP", ISNUMBER(SEARCH("sử",I19)),"Khoa Sử - Địa - Chính trị, Trường ĐHSP", ISNUMBER(SEARCH("địa",I19)),"Khoa Sử - Địa - Chính trị, Trường ĐHSP", ISNUMBER(SEARCH("chính trị",I19)),"Khoa Sử - Địa - Chính trị, Trường ĐHSP", ISNUMBER(SEARCH("sinh",I19)),"Khoa Sinh - Nông nghiệp - Môi trường, Trường ĐHSP", ISNUMBER(SEARCH("tiểu học",I19)),"Khoa Giáo dục Tiểu học - Mầm non, Trường ĐHSP", ISNUMBER(SEARCH("mầm non",I19)),"Khoa Giáo dục Tiểu học - Mầm non, Trường ĐHSP", ISNUMBER(SEARCH("nghệ thuật",I19)),"Khoa Giáo dục Nghệ thuật - Thể chất, Trường ĐHSP", ISNUMBER(SEARCH("tâm lý",I19)),"Khoa Tâm lý - Giáo dục - Công tác Xã hội, Trường ĐHSP" ) -> #NAME? | K19: =VLOOKUP(J19,'Bảng Đơn vị'!$A$2:$B$10,2,1) -> #NAME? | L19: 45684 | M19: 2025
A20: 19 | C20: =IF(B20<>"",B20,C19) -> Ứng dụng thuật toán Euclid khai triển liên phân số của số thực và lập mật mã | D20: Nguyễn Văn Bình | E20: 3110122004 | F20: 22ST2 | I20: KHOA TOÁN (14 đề tài) | J20: =IFS( ISNUMBER(SEARCH("toán",I20)),"Khoa Toán - Tin, Trường ĐHSP", ISNUMBER(SEARCH("tin",I20)),"Khoa Toán - Tin, Trường ĐHSP", ISNUMBER(SEARCH("lý",I20)),"Khoa Lý - Hóa, Trường ĐHSP", ISNUMBER(SEARCH("hóa",I20)),"Khoa Lý - Hóa, Trường ĐHSP", ISNUMBER(SEARCH("ngữ văn",I20)),"Khoa Ngữ văn - Truyền thông, Trường ĐHSP", ISNUMBER(SEARCH("sử",I20)),"Khoa Sử - Địa - Chính trị, Trường ĐHSP", ISNUMBER(SEARCH("địa",I20)),"Khoa Sử - Địa - Chính trị, Trường ĐHSP", ISNUMBER(SEARCH("chính trị",I20)),"Khoa Sử - Địa - Chính trị, Trường ĐHSP", ISNUMBER(SEARCH("sinh",I20)),"Khoa Sinh - Nông nghiệp - Môi trường, Trường ĐHSP", ISNUMBER(SEARCH("tiểu học",I20)),"Khoa Giáo dục Tiểu học - Mầm non, Trường ĐHSP", ISNUMBER(SEARCH("mầm non",I20)),"Khoa Giáo dục Tiểu học - Mầm non, Trường ĐHSP", ISNUMBER(SEARCH("nghệ thuật",I20)),"Khoa Giáo dục Nghệ thuật - Thể chất, Trường ĐHSP", ISNUMBER(SEARCH("tâm lý",I20)),"Khoa Tâm lý - Giáo dục - Công tác Xã hội, Trường ĐHSP" ) -> #NAME? | K20: =VLOOKUP(J20,'Bảng Đơn vị'!$A$2:$B$10,2,1) -> #NAME? | L20: 45685 | M20: 2025
A21: 20 | C21: =IF(B21<>"",B21,C20) -> Ứng dụng thuật toán Euclid khai triển liên phân số của số thực và lập mật mã | D21: Nguyễn Hữu Thành | E21: 3110122078 | F21: 22ST2 | I21: KHOA TOÁN (14 đề tài) | J21: =IFS( ISNUMBER(SEARCH("toán",I21)),"Khoa Toán - Tin, Trường ĐHSP", ISNUMBER(SEARCH("tin",I21)),"Khoa Toán - Tin, Trường ĐHSP", ISNUMBER(SEARCH("lý",I21)),"Khoa Lý - Hóa, Trường ĐHSP", ISNUMBER(SEARCH("hóa",I21)),"Khoa Lý - Hóa, Trường ĐHSP", ISNUMBER(SEARCH("ngữ văn",I21)),"Khoa Ngữ văn - Truyền thông, Trường ĐHSP", ISNUMBER(SEARCH("sử",I21)),"Khoa Sử - Địa - Chính trị, Trường ĐHSP", ISNUMBER(SEARCH("địa",I21)),"Khoa Sử - Địa - Chính trị, Trường ĐHSP", ISNUMBER(SEARCH("chính trị",I21)),"Khoa Sử - Địa - Chính trị, Trường ĐHSP", ISNUMBER(SEARCH("sinh",I21)),"Khoa Sinh - Nông nghiệp - Môi trường, Trường ĐHSP", ISNUMBER(SEARCH("tiểu học",I21)),"Khoa Giáo dục Tiểu học - Mầm non, Trường ĐHSP", ISNUMBER(SEARCH("mầm non",I21)),"Khoa Giáo dục Tiểu học - Mầm non, Trường ĐHSP", ISNUMBER(SEARCH("nghệ thuật",I21)),"Khoa Giáo dục Nghệ thuật - Thể chất, Trường ĐHSP", ISNUMBER(SEARCH("tâm lý",I21)),"Khoa Tâm lý - Giáo dục - Công tác Xã hội, Trường ĐHSP" ) -> #NAME? | K21: =VLOOKUP(J21,'Bảng Đơn vị'!$A$2:$B$10,2,1) -> #NAME? | L21: 45686 | M21: 2025
A22: 21 | B22: Vấn đề kiểm duyệt dữ liệu trong nội dung thống kê ở cấp trung học cơ sở | C22: =IF(B22<>"",B22,C21) -> Vấn đề kiểm duyệt dữ liệu trong nội dung thống kê ở cấp trung học cơ sở | D22: Lê Vũ Khoa | E22: 3110122039 | F22: 22ST2 | G22: TS. Tôn Thất Tú | I22: KHOA TOÁN (14 đề tài) | J22: =IFS( ISNUMBER(SEARCH("toán",I22)),"Khoa Toán - Tin, Trường ĐHSP", ISNUMBER(SEARCH("tin",I22)),"Khoa Toán - Tin, Trường ĐHSP", ISNUMBER(SEARCH("lý",I22)),"Khoa Lý - Hóa, Trường ĐHSP", ISNUMBER(SEARCH("hóa",I22)),"Khoa Lý - Hóa, Trường ĐHSP", ISNUMBER(SEARCH("ngữ văn",I22)),"Khoa Ngữ văn - Truyền thông, Trường ĐHSP", ISNUMBER(SEARCH("sử",I22)),"Khoa Sử - Địa - Chính trị, Trường ĐHSP", ISNUMBER(SEARCH("địa",I22)),"Khoa Sử - Địa - Chính trị, Trường ĐHSP", ISNUMBER(SEARCH("chính trị",I22)),"Khoa Sử - Địa - Chính trị, Trường ĐHSP", ISNUMBER(SEARCH("sinh",I22)),"Khoa Sinh - Nông nghiệp - Môi trường, Trường ĐHSP", ISNUMBER(SEARCH("tiểu học",I22)),"Khoa Giáo dục Tiểu học - Mầm non, Trường ĐHSP", ISNUMBER(SEARCH("mầm non",I22)),"Khoa Giáo dục Tiểu học - Mầm non, Trường ĐHSP", ISNUMBER(SEARCH("nghệ thuật",I22)),"Khoa Giáo dục Nghệ thuật - Thể chất, Trường ĐHSP", ISNUMBER(SEARCH("tâm lý",I22)),"Khoa Tâm lý - Giáo dục - Công tác Xã hội, Trường ĐHSP" ) -> #NAME? | K22: =VLOOKUP(J22,'Bảng Đơn vị'!$A$2:$B$10,2,1) -> #NAME? | L22: 45687 | M22: 2025
A23: 22 | C23: =IF(B23<>"",B23,C22) -> Vấn đề kiểm duyệt dữ liệu trong nội dung thống kê ở cấp trung học cơ sở | D23: Lê Bùi Quỳnh Chi | E23: 3110122006 | F23: 22ST2 | I23: KHOA TOÁN (14 đề tài) | J23: =IFS( ISNUMBER(SEARCH("toán",I23)),"Khoa Toán - Tin, Trường ĐHSP", ISNUMBER(SEARCH("tin",I23)),"Khoa Toán - Tin, Trường ĐHSP", ISNUMBER(SEARCH("lý",I23)),"Khoa Lý - Hóa, Trường ĐHSP", ISNUMBER(SEARCH("hóa",I23)),"Khoa Lý - Hóa, Trường ĐHSP", ISNUMBER(SEARCH("ngữ văn",I23)),"Khoa Ngữ văn - Truyền thông, Trường ĐHSP", ISNUMBER(SEARCH("sử",I23)),"Khoa Sử - Địa - Chính trị, Trường ĐHSP", ISNUMBER(SEARCH("địa",I23)),"Khoa Sử - Địa - Chính trị, Trường ĐHSP", ISNUMBER(SEARCH("chính trị",I23)),"Khoa Sử - Địa - Chính trị, Trường ĐHSP", ISNUMBER(SEARCH("sinh",I23)),"Khoa Sinh - Nông nghiệp - Môi trường, Trường ĐHSP", ISNUMBER(SEARCH("tiểu học",I23)),"Khoa Giáo dục Tiểu học - Mầm non, Trường ĐHSP", ISNUMBER(SEARCH("mầm non",I23)),"Khoa Giáo dục Tiểu học - Mầm non, Trường ĐHSP", ISNUMBER(SEARCH("nghệ thuật",I23)),"Khoa Giáo dục Nghệ thuật - Thể chất, Trường ĐHSP", ISNUMBER(SEARCH("tâm lý",I23)),"Khoa Tâm lý - Giáo dục - Công tác Xã hội, Trường ĐHSP" ) -> #NAME? | K23: =VLOOKUP(J23,'Bảng Đơn vị'!$A$2:$B$10,2,1) -> #NAME? | L23: 45688 | M23: 2025
A24: 23 | C24: =IF(B24<>"",B24,C23) -> Vấn đề kiểm duyệt dữ liệu trong nội dung thống kê ở cấp trung học cơ sở | D24: Lê Thành Nhân Hà | E24: 3110123068 | F24: 23ST1 | I24: KHOA TOÁN (14 đề tài) | J24: =IFS( ISNUMBER(SEARCH("toán",I24)),"Khoa Toán - Tin, Trường ĐHSP", ISNUMBER(SEARCH("tin",I24)),"Khoa Toán - Tin, Trường ĐHSP", ISNUMBER(SEARCH("lý",I24)),"Khoa Lý - Hóa, Trường ĐHSP", ISNUMBER(SEARCH("hóa",I24)),"Khoa Lý - Hóa, Trường ĐHSP", ISNUMBER(SEARCH("ngữ văn",I24)),"Khoa Ngữ văn - Truyền thông, Trường ĐHSP", ISNUMBER(SEARCH("sử",I24)),"Khoa Sử - Địa - Chính trị, Trường ĐHSP", ISNUMBER(SEARCH("địa",I24)),"Khoa Sử - Địa - Chính trị, Trường ĐHSP", ISNUMBER(SEARCH("chính trị",I24)),"Khoa Sử - Địa - Chính trị, Trường ĐHSP", ISNUMBER(SEARCH("sinh",I24)),"Khoa Sinh - Nông nghiệp - Môi trường, Trường ĐHSP", ISNUMBER(SEARCH("tiểu học",I24)),"Khoa Giáo dục Tiểu học - Mầm non, Trường ĐHSP", ISNUMBER(SEARCH("mầm non",I24)),"Khoa Giáo dục Tiểu học - Mầm non, Trường ĐHSP", ISNUMBER(SEARCH("nghệ thuật",I24)),"Khoa Giáo dục Nghệ thuật - Thể chất, Trường ĐHSP", ISNUMBER(SEARCH("tâm lý",I24)),"Khoa Tâm lý - Giáo dục - Công tác Xã hội, Trường ĐHSP" ) -> #NAME? | K24: =VLOOKUP(J24,'Bảng Đơn vị'!$A$2:$B$10,2,1) -> #NAME? | L24: 45689 | M24: 2025
A25: 24 | C25: =IF(B25<>"",B25,C24) -> Vấn đề kiểm duyệt dữ liệu trong nội dung thống kê ở cấp trung học cơ sở | D25: Trương Khánh Linh | E25: 3110124035 | F25: 24ST1 | I25: KHOA TOÁN (14 đề tài) | J25: =IFS( ISNUMBER(SEARCH("toán",I25)),"Khoa Toán - Tin, Trường ĐHSP", ISNUMBER(SEARCH("tin",I25)),"Khoa Toán - Tin, Trường ĐHSP", ISNUMBER(SEARCH("lý",I25)),"Khoa Lý - Hóa, Trường ĐHSP", ISNUMBER(SEARCH("hóa",I25)),"Khoa Lý - Hóa, Trường ĐHSP", ISNUMBER(SEARCH("ngữ văn",I25)),"Khoa Ngữ văn - Truyền thông, Trường ĐHSP", ISNUMBER(SEARCH("sử",I25)),"Khoa Sử - Địa - Chính trị, Trường ĐHSP", ISNUMBER(SEARCH("địa",I25)),"Khoa Sử - Địa - Chính trị, Trường ĐHSP", ISNUMBER(SEARCH("chính trị",I25)),"Khoa Sử - Địa - Chính trị, Trường ĐHSP", ISNUMBER(SEARCH("sinh",I25)),"Khoa Sinh - Nông nghiệp - Môi trường, Trường ĐHSP", ISNUMBER(SEARCH("tiểu học",I25)),"Khoa Giáo dục Tiểu học - Mầm non, Trường ĐHSP", ISNUMBER(SEARCH("mầm non",I25)),"Khoa Giáo dục Tiểu học - Mầm non, Trường ĐHSP", ISNUMBER(SEARCH("nghệ thuật",I25)),"Khoa Giáo dục Nghệ thuật - Thể chất, Trường ĐHSP", ISNUMBER(SEARCH("tâm lý",I25)),"Khoa Tâm lý - Giáo dục - Công tác Xã hội, Trường ĐHSP" ) -> #NAME? | K25: =VLOOKUP(J25,'Bảng Đơn vị'!$A$2:$B$10,2,1) -> #NAME? | L25: 45690 | M25: 2025
A26: 25 | C26: =IF(B26<>"",B26,C25) -> Vấn đề kiểm duyệt dữ liệu trong nội dung thống kê ở cấp trung học cơ sở | D26: Nguyễn Phương Hoa | E26: 3110124019 | F26: 24ST1 | I26: KHOA TOÁN (14 đề tài) | J26: =IFS( ISNUMBER(SEARCH("toán",I26)),"Khoa Toán - Tin, Trường ĐHSP", ISNUMBER(SEARCH("tin",I26)),"Khoa Toán - Tin, Trường ĐHSP", ISNUMBER(SEARCH("lý",I26)),"Khoa Lý - Hóa, Trường ĐHSP", ISNUMBER(SEARCH("hóa",I26)),"Khoa Lý - Hóa, Trường ĐHSP", ISNUMBER(SEARCH("ngữ văn",I26)),"Khoa Ngữ văn - Truyền thông, Trường ĐHSP", ISNUMBER(SEARCH("sử",I26)),"Khoa Sử - Địa - Chính trị, Trường ĐHSP", ISNUMBER(SEARCH("địa",I26)),"Khoa Sử - Địa - Chính trị, Trường ĐHSP", ISNUMBER(SEARCH("chính trị",I26)),"Khoa Sử - Địa - Chính trị, Trường ĐHSP", ISNUMBER(SEARCH("sinh",I26)),"Khoa Sinh - Nông nghiệp - Môi trường, Trường ĐHSP", ISNUMBER(SEARCH("tiểu học",I26)),"Khoa Giáo dục Tiểu học - Mầm non, Trường ĐHSP", ISNUMBER(SEARCH("mầm non",I26)),"Khoa Giáo dục Tiểu học - Mầm non, Trường ĐHSP", ISNUMBER(SEARCH("nghệ thuật",I26)),"Khoa Giáo dục Nghệ thuật - Thể chất, Trường ĐHSP", ISNUMBER(SEARCH("tâm lý",I26)),"Khoa Tâm lý - Giáo dục - Công tác Xã hội, Trường ĐHSP" ) -> #NAME? | K26: =VLOOKUP(J26,'Bảng Đơn vị'!$A$2:$B$10,2,1) -> #NAME? | L26: 45691 | M26: 2025
A27: 26 | B27: Thuật toán K-means và ứng dụng | C27: =IF(B27<>"",B27,C26) -> Thuật toán K-means và ứng dụng | D27: Nguyễn Thị Lan Hương | E27: 3110524016 | F27: 24CKDL | G27: TS. Tôn Thất Tú | I27: KHOA TOÁN (14 đề tài) | J27: =IFS( ISNUMBER(SEARCH("toán",I27)),"Khoa Toán - Tin, Trường ĐHSP", ISNUMBER(SEARCH("tin",I27)),"Khoa Toán - Tin, Trường ĐHSP", ISNUMBER(SEARCH("lý",I27)),"Khoa Lý - Hóa, Trường ĐHSP", ISNUMBER(SEARCH("hóa",I27)),"Khoa Lý - Hóa, Trường ĐHSP", ISNUMBER(SEARCH("ngữ văn",I27)),"Khoa Ngữ văn - Truyền thông, Trường ĐHSP", ISNUMBER(SEARCH("sử",I27)),"Khoa Sử - Địa - Chính trị, Trường ĐHSP", ISNUMBER(SEARCH("địa",I27)),"Khoa Sử - Địa - Chính trị, Trường ĐHSP", ISNUMBER(SEARCH("chính trị",I27)),"Khoa Sử - Địa - Chính trị, Trường ĐHSP", ISNUMBER(SEARCH("sinh",I27)),"Khoa Sinh - Nông nghiệp - Môi trường, Trường ĐHSP", ISNUMBER(SEARCH("tiểu học",I27)),"Khoa Giáo dục Tiểu học - Mầm non, Trường ĐHSP", ISNUMBER(SEARCH("mầm non",I27)),"Khoa Giáo dục Tiểu học - Mầm non, Trường ĐHSP", ISNUMBER(SEARCH("nghệ thuật",I27)),"Khoa Giáo dục Nghệ thuật - Thể chất, Trường ĐHSP", ISNUMBER(SEARCH("tâm lý",I27)),"Khoa Tâm lý - Giáo dục - Công tác Xã hội, Trường ĐHSP" ) -> #NAME? | K27: =VLOOKUP(J27,'Bảng Đơn vị'!$A$2:$B$10,2,1) -> #NAME? | L27: 45692 | M27: 2025
A28: 27 | C28: =IF(B28<>"",B28,C27) -> Thuật toán K-means và ứng dụng | D28: Đoàn Nguyễn Dương | E28: 3110524008 | I28: KHOA TOÁN (14 đề tài) | J28: =IFS( ISNUMBER(SEARCH("toán",I28)),"Khoa Toán - Tin, Trường ĐHSP", ISNUMBER(SEARCH("tin",I28)),"Khoa Toán - Tin, Trường ĐHSP", ISNUMBER(SEARCH("lý",I28)),"Khoa Lý - Hóa, Trường ĐHSP", ISNUMBER(SEARCH("hóa",I28)),"Khoa Lý - Hóa, Trường ĐHSP", ISNUMBER(SEARCH("ngữ văn",I28)),"Khoa Ngữ văn - Truyền thông, Trường ĐHSP", ISNUMBER(SEARCH("sử",I28)),"Khoa Sử - Địa - Chính trị, Trường ĐHSP", ISNUMBER(SEARCH("địa",I28)),"Khoa Sử - Địa - Chính trị, Trường ĐHSP", ISNUMBER(SEARCH("chính trị",I28)),"Khoa Sử - Địa - Chính trị, Trường ĐHSP", ISNUMBER(SEARCH("sinh",I28)),"Khoa Sinh - Nông nghiệp - Môi trường, Trường ĐHSP", ISNUMBER(SEARCH("tiểu học",I28)),"Khoa Giáo dục Tiểu học - Mầm non, Trường ĐHSP", ISNUMBER(SEARCH("mầm non",I28)),"Khoa Giáo dục Tiểu học - Mầm non, Trường ĐHSP", ISNUMBER(SEARCH("nghệ thuật",I28)),"Khoa Giáo dục Nghệ thuật - Thể chất, Trường ĐHSP", ISNUMBER(SEARCH("tâm lý",I28)),"Khoa Tâm lý - Giáo dục - Công tác Xã hội, Trường ĐHSP" ) -> #NAME? | K28: =VLOOKUP(J28,'Bảng Đơn vị'!$A$2:$B$10,2,1) -> #NAME? | L28: 45693 | M28: 2025
A29: 28 | C29: =IF(B29<>"",B29,C28) -> Thuật toán K-means và ứng dụng | D29: Trịnh Phương Dung | E29: 3110524006 | I29: KHOA TOÁN (14 đề tài) | J29: =IFS( ISNUMBER(SEARCH("toán",I29)),"Khoa Toán - Tin, Trường ĐHSP", ISNUMBER(SEARCH("tin",I29)),"Khoa Toán - Tin, Trường ĐHSP", ISNUMBER(SEARCH("lý",I29)),"Khoa Lý - Hóa, Trường ĐHSP", ISNUMBER(SEARCH("hóa",I29)),"Khoa Lý - Hóa, Trường ĐHSP", ISNUMBER(SEARCH("ngữ văn",I29)),"Khoa Ngữ văn - Truyền thông, Trường ĐHSP", ISNUMBER(SEARCH("sử",I29)),"Khoa Sử - Địa - Chính trị, Trường ĐHSP", ISNUMBER(SEARCH("địa",I29)),"Khoa Sử - Địa - Chính trị, Trường ĐHSP", ISNUMBER(SEARCH("chính trị",I29)),"Khoa Sử - Địa - Chính trị, Trường ĐHSP", ISNUMBER(SEARCH("sinh",I29)),"Khoa Sinh - Nông nghiệp - Môi trường, Trường ĐHSP", ISNUMBER(SEARCH("tiểu học",I29)),"Khoa Giáo dục Tiểu học - Mầm non, Trường ĐHSP", ISNUMBER(SEARCH("mầm non",I29)),"Khoa Giáo dục Tiểu học - Mầm non, Trường ĐHSP", ISNUMBER(SEARCH("nghệ thuật",I29)),"Khoa Giáo dục Nghệ thuật - Thể chất, Trường ĐHSP", ISNUMBER(SEARCH("tâm lý",I29)),"Khoa Tâm lý - Giáo dục - Công tác Xã hội, Trường ĐHSP" ) -> #NAME? | K29: =VLOOKUP(J29,'Bảng Đơn vị'!$A$2:$B$10,2,1) -> #NAME? | L29: 45694 | M29: 2025
A30: 29 | C30: =IF(B30<>"",B30,C29) -> Thuật toán K-means và ứng dụng | D30: Trần Đăng Thịnh | E30: 3110524032 | I30: KHOA TOÁN (14 đề tài) | J30: =IFS( ISNUMBER(SEARCH("toán",I30)),"Khoa Toán - Tin, Trường ĐHSP", ISNUMBER(SEARCH("tin",I30)),"Khoa Toán - Tin, Trường ĐHSP", ISNUMBER(SEARCH("lý",I30)),"Khoa Lý - Hóa, Trường ĐHSP", ISNUMBER(SEARCH("hóa",I30)),"Khoa Lý - Hóa, Trường ĐHSP", ISNUMBER(SEARCH("ngữ văn",I30)),"Khoa Ngữ văn - Truyền thông, Trường ĐHSP", ISNUMBER(SEARCH("sử",I30)),"Khoa Sử - Địa - Chính trị, Trường ĐHSP", ISNUMBER(SEARCH("địa",I30)),"Khoa Sử - Địa - Chính trị, Trường ĐHSP", ISNUMBER(SEARCH("chính trị",I30)),"Khoa Sử - Địa - Chính trị, Trường ĐHSP", ISNUMBER(SEARCH("sinh",I30)),"Khoa Sinh - Nông nghiệp - Môi trường, Trường ĐHSP", ISNUMBER(SEARCH("tiểu học",I30)),"Khoa Giáo dục Tiểu học - Mầm non, Trường ĐHSP", ISNUMBER(SEARCH("mầm non",I30)),"Khoa Giáo dục Tiểu học - Mầm non, Trường ĐHSP", ISNUMBER(SEARCH("nghệ thuật",I30)),"Khoa Giáo dục Nghệ thuật - Thể chất, Trường ĐHSP", ISNUMBER(SEARCH("tâm lý",I30)),"Khoa Tâm lý - Giáo dục - Công tác Xã hội, Trường ĐHSP" ) -> #NAME? | K30: =VLOOKUP(J30,'Bảng Đơn vị'!$A$2:$B$10,2,1) -> #NAME? | L30: 45695 | M30: 2025
A31: 30 | C31: =IF(B31<>"",B31,C30) -> Thuật toán K-means và ứng dụng | D31: Đoàn Công Bảo Hiếu | E31: 3110524011 | I31: KHOA TOÁN (14 đề tài) | J31: =IFS( ISNUMBER(SEARCH("toán",I31)),"Khoa Toán - Tin, Trường ĐHSP", ISNUMBER(SEARCH("tin",I31)),"Khoa Toán - Tin, Trường ĐHSP", ISNUMBER(SEARCH("lý",I31)),"Khoa Lý - Hóa, Trường ĐHSP", ISNUMBER(SEARCH("hóa",I31)),"Khoa Lý - Hóa, Trường ĐHSP", ISNUMBER(SEARCH("ngữ văn",I31)),"Khoa Ngữ văn - Truyền thông, Trường ĐHSP", ISNUMBER(SEARCH("sử",I31)),"Khoa Sử - Địa - Chính trị, Trường ĐHSP", ISNUMBER(SEARCH("địa",I31)),"Khoa Sử - Địa - Chính trị, Trường ĐHSP", ISNUMBER(SEARCH("chính trị",I31)),"Khoa Sử - Địa - Chính trị, Trường ĐHSP", ISNUMBER(SEARCH("sinh",I31)),"Khoa Sinh - Nông nghiệp - Môi trường, Trường ĐHSP", ISNUMBER(SEARCH("tiểu học",I31)),"Khoa Giáo dục Tiểu học - Mầm non, Trường ĐHSP", ISNUMBER(SEARCH("mầm non",I31)),"Khoa Giáo dục Tiểu học - Mầm non, Trường ĐHSP", ISNUMBER(SEARCH("nghệ thuật",I31)),"Khoa Giáo dục Nghệ thuật - Thể chất, Trường ĐHSP", ISNUMBER(SEARCH("tâm lý",I31)),"Khoa Tâm lý - Giáo dục - Công tác Xã hội, Trường ĐHSP" ) -> #NAME? | K31: =VLOOKUP(J31,'Bảng Đơn vị'!$A$2:$B$10,2,1) -> #NAME? | L31: 45696 | M31: 2025
A32: 31 | B32: Mối quan hệ giữa các phủ trong không gian topo X với các phủ trong siêu không gian của X | C32: =IF(B32<>"",B32,C31) -> Mối quan hệ giữa các phủ trong không gian topo X với các phủ trong siêu không gian của X | D32: Nguyễn Xuân Trúc | E32: 3110121142 | F32: 21ST2 | G32: TS. Lương Quốc Tuyển | I32: KHOA TOÁN (14 đề tài) | J32: =IFS( ISNUMBER(SEARCH("toán",I32)),"Khoa Toán - Tin, Trường ĐHSP", ISNUMBER(SEARCH("tin",I32)),"Khoa Toán - Tin, Trường ĐHSP", ISNUMBER(SEARCH("lý",I32)),"Khoa Lý - Hóa, Trường ĐHSP", ISNUMBER(SEARCH("hóa",I32)),"Khoa Lý - Hóa, Trường ĐHSP", ISNUMBER(SEARCH("ngữ văn",I32)),"Khoa Ngữ văn - Truyền thông, Trường ĐHSP", ISNUMBER(SEARCH("sử",I32)),"Khoa Sử - Địa - Chính trị, Trường ĐHSP", ISNUMBER(SEARCH("địa",I32)),"Khoa Sử - Địa - Chính trị, Trường ĐHSP", ISNUMBER(SEARCH("chính trị",I32)),"Khoa Sử - Địa - Chính trị, Trường ĐHSP", ISNUMBER(SEARCH("sinh",I32)),"Khoa Sinh - Nông nghiệp - Môi trường, Trường ĐHSP", ISNUMBER(SEARCH("tiểu học",I32)),"Khoa Giáo dục Tiểu học - Mầm non, Trường ĐHSP", ISNUMBER(SEARCH("mầm non",I32)),"Khoa Giáo dục Tiểu học - Mầm non, Trường ĐHSP", ISNUMBER(SEARCH("nghệ thuật",I32)),"Khoa Giáo dục Nghệ thuật - Thể chất, Trường ĐHSP", ISNUMBER(SEARCH("tâm lý",I32)),"Khoa Tâm lý - Giáo dục - Công tác Xã hội, Trường ĐHSP" ) -> #NAME? | K32: =VLOOKUP(J32,'Bảng Đơn vị'!$A$2:$B$10,2,1) -> #NAME? | L32: 45697 | M32: 2025
A33: 32 | C33: =IF(B33<>"",B33,C32) -> Mối quan hệ giữa các phủ trong không gian topo X với các phủ trong siêu không gian của X | D33: Nguyễn Thị Hồng Phúc | E33: 3110122066 | F33: 22ST2 | I33: KHOA TOÁN (14 đề tài) | J33: =IFS( ISNUMBER(SEARCH("toán",I33)),"Khoa Toán - Tin, Trường ĐHSP", ISNUMBER(SEARCH("tin",I33)),"Khoa Toán - Tin, Trường ĐHSP", ISNUMBER(SEARCH("lý",I33)),"Khoa Lý - Hóa, Trường ĐHSP", ISNUMBER(SEARCH("hóa",I33)),"Khoa Lý - Hóa, Trường ĐHSP", ISNUMBER(SEARCH("ngữ văn",I33)),"Khoa Ngữ văn - Truyền thông, Trường ĐHSP", ISNUMBER(SEARCH("sử",I33)),"Khoa Sử - Địa - Chính trị, Trường ĐHSP", ISNUMBER(SEARCH("địa",I33)),"Khoa Sử - Địa - Chính trị, Trường ĐHSP", ISNUMBER(SEARCH("chính trị",I33)),"Khoa Sử - Địa - Chính trị, Trường ĐHSP", ISNUMBER(SEARCH("sinh",I33)),"Khoa Sinh - Nông nghiệp - Môi trường, Trường ĐHSP", ISNUMBER(SEARCH("tiểu học",I33)),"Khoa Giáo dục Tiểu học - Mầm non, Trường ĐHSP", ISNUMBER(SEARCH("mầm non",I33)),"Khoa Giáo dục Tiểu học - Mầm non, Trường ĐHSP", ISNUMBER(SEARCH("nghệ thuật",I33)),"Khoa Giáo dục Nghệ thuật - Thể chất, Trường ĐHSP", ISNUMBER(SEARCH("tâm lý",I33)),"Khoa Tâm lý - Giáo dục - Công tác Xã hội, Trường ĐHSP" ) -> #NAME? | K33: =VLOOKUP(J33,'Bảng Đơn vị'!$A$2:$B$10,2,1) -> #NAME? | L33: 45698 | M33: 2025
A34: 33 | B34: Các tính chất topo được xây dựng bởi sự hội tụ theo ideal | C34: =IF(B34<>"",B34,C33) -> Các tính chất topo được xây dựng bởi sự hội tụ theo ideal | D34: Nguyễn Thuận Hiếu | E34: 3110123033 | F34: 23ST2 | G34: TS. Lương Quốc Tuyển | I34: KHOA TOÁN (14 đề tài) | J34: =IFS( ISNUMBER(SEARCH("toán",I34)),"Khoa Toán - Tin, Trường ĐHSP", ISNUMBER(SEARCH("tin",I34)),"Khoa Toán - Tin, Trường ĐHSP", ISNUMBER(SEARCH("lý",I34)),"Khoa Lý - Hóa, Trường ĐHSP", ISNUMBER(SEARCH("hóa",I34)),"Khoa Lý - Hóa, Trường ĐHSP", ISNUMBER(SEARCH("ngữ văn",I34)),"Khoa Ngữ văn - Truyền thông, Trường ĐHSP", ISNUMBER(SEARCH("sử",I34)),"Khoa Sử - Địa - Chính trị, Trường ĐHSP", ISNUMBER(SEARCH("địa",I34)),"Khoa Sử - Địa - Chính trị, Trường ĐHSP", ISNUMBER(SEARCH("chính trị",I34)),"Khoa Sử - Địa - Chính trị, Trường ĐHSP", ISNUMBER(SEARCH("sinh",I34)),"Khoa Sinh - Nông nghiệp - Môi trường, Trường ĐHSP", ISNUMBER(SEARCH("tiểu học",I34)),"Khoa Giáo dục Tiểu học - Mầm non, Trường ĐHSP", ISNUMBER(SEARCH("mầm non",I34)),"Khoa Giáo dục Tiểu học - Mầm non, Trường ĐHSP", ISNUMBER(SEARCH("nghệ thuật",I34)),"Khoa Giáo dục Nghệ thuật - Thể chất, Trường ĐHSP", ISNUMBER(SEARCH("tâm lý",I34)),"Khoa Tâm lý - Giáo dục - Công tác Xã hội, Trường ĐHSP" ) -> #NAME? | K34: =VLOOKUP(J34,'Bảng Đơn vị'!$A$2:$B$10,2,1) -> #NAME? | L34: 45699 | M34: 2025
A35: 34 | C35: =IF(B35<>"",B35,C34) -> Các tính chất topo được xây dựng bởi sự hội tụ theo ideal | D35: Nguyễn Bảo Nhi | E35: 3110123070 | I35: KHOA TOÁN (14 đề tài) | J35: =IFS( ISNUMBER(SEARCH("toán",I35)),"Khoa Toán - Tin, Trường ĐHSP", ISNUMBER(SEARCH("tin",I35)),"Khoa Toán - Tin, Trường ĐHSP", ISNUMBER(SEARCH("lý",I35)),"Khoa Lý - Hóa, Trường ĐHSP", ISNUMBER(SEARCH("hóa",I35)),"Khoa Lý - Hóa, Trường ĐHSP", ISNUMBER(SEARCH("ngữ văn",I35)),"Khoa Ngữ văn - Truyền thông, Trường ĐHSP", ISNUMBER(SEARCH("sử",I35)),"Khoa Sử - Địa - Chính trị, Trường ĐHSP", ISNUMBER(SEARCH("địa",I35)),"Khoa Sử - Địa - Chính trị, Trường ĐHSP", ISNUMBER(SEARCH("chính trị",I35)),"Khoa Sử - Địa - Chính trị, Trường ĐHSP", ISNUMBER(SEARCH("sinh",I35)),"Khoa Sinh - Nông nghiệp - Môi trường, Trường ĐHSP", ISNUMBER(SEARCH("tiểu học",I35)),"Khoa Giáo dục Tiểu học - Mầm non, Trường ĐHSP", ISNUMBER(SEARCH("mầm non",I35)),"Khoa Giáo dục Tiểu học - Mầm non, Trường ĐHSP", ISNUMBER(SEARCH("nghệ thuật",I35)),"Khoa Giáo dục Nghệ thuật - Thể chất, Trường ĐHSP", ISNUMBER(SEARCH("tâm lý",I35)),"Khoa Tâm lý - Giáo dục - Công tác Xã hội, Trường ĐHSP" ) -> #NAME? | K35: =VLOOKUP(J35,'Bảng Đơn vị'!$A$2:$B$10,2,1) -> #NAME? | L35: 45700 | M35: 2025
A36: 35 | C36: =IF(B36<>"",B36,C35) -> Các tính chất topo được xây dựng bởi sự hội tụ theo ideal | D36: Lê Thị Thơ | E36: 3110123089 | I36: KHOA TOÁN (14 đề tài) | J36: =IFS( ISNUMBER(SEARCH("toán",I36)),"Khoa Toán - Tin, Trường ĐHSP", ISNUMBER(SEARCH("tin",I36)),"Khoa Toán - Tin, Trường ĐHSP", ISNUMBER(SEARCH("lý",I36)),"Khoa Lý - Hóa, Trường ĐHSP", ISNUMBER(SEARCH("hóa",I36)),"Khoa Lý - Hóa, Trường ĐHSP", ISNUMBER(SEARCH("ngữ văn",I36)),"Khoa Ngữ văn - Truyền thông, Trường ĐHSP", ISNUMBER(SEARCH("sử",I36)),"Khoa Sử - Địa - Chính trị, Trường ĐHSP", ISNUMBER(SEARCH("địa",I36)),"Khoa Sử - Địa - Chính trị, Trường ĐHSP", ISNUMBER(SEARCH("chính trị",I36)),"Khoa Sử - Địa - Chính trị, Trường ĐHSP", ISNUMBER(SEARCH("sinh",I36)),"Khoa Sinh - Nông nghiệp - Môi trường, Trường ĐHSP", ISNUMBER(SEARCH("tiểu học",I36)),"Khoa Giáo dục Tiểu học - Mầm non, Trường ĐHSP", ISNUMBER(SEARCH("mầm non",I36)),"Khoa Giáo dục Tiểu học - Mầm non, Trường ĐHSP", ISNUMBER(SEARCH("nghệ thuật",I36)),"Khoa Giáo dục Nghệ thuật - Thể chất, Trường ĐHSP", ISNUMBER(SEARCH("tâm lý",I36)),"Khoa Tâm lý - Giáo dục - Công tác Xã hội, Trường ĐHSP" ) -> #NAME? | K36: =VLOOKUP(J36,'Bảng Đơn vị'!$A$2:$B$10,2,1) -> #NAME? | L36: 45701 | M36: 2025
A37: 36 | C37: =IF(B37<>"",B37,C36) -> Các tính chất topo được xây dựng bởi sự hội tụ theo ideal | D37: Lê Thị Liên | E37: 3110123047 | I37: KHOA TOÁN (14 đề tài) | J37: =IFS( ISNUMBER(SEARCH("toán",I37)),"Khoa Toán - Tin, Trường ĐHSP", ISNUMBER(SEARCH("tin",I37)),"Khoa Toán - Tin, Trường ĐHSP", ISNUMBER(SEARCH("lý",I37)),"Khoa Lý - Hóa, Trường ĐHSP", ISNUMBER(SEARCH("hóa",I37)),"Khoa Lý - Hóa, Trường ĐHSP", ISNUMBER(SEARCH("ngữ văn",I37)),"Khoa Ngữ văn - Truyền thông, Trường ĐHSP", ISNUMBER(SEARCH("sử",I37)),"Khoa Sử - Địa - Chính trị, Trường ĐHSP", ISNUMBER(SEARCH("địa",I37)),"Khoa Sử - Địa - Chính trị, Trường ĐHSP", ISNUMBER(SEARCH("chính trị",I37)),"Khoa Sử - Địa - Chính trị, Trường ĐHSP", ISNUMBER(SEARCH("sinh",I37)),"Khoa Sinh - Nông nghiệp - Môi trường, Trường ĐHSP", ISNUMBER(SEARCH("tiểu học",I37)),"Khoa Giáo dục Tiểu học - Mầm non, Trường ĐHSP", ISNUMBER(SEARCH("mầm non",I37)),"Khoa Giáo dục Tiểu học - Mầm non, Trường ĐHSP", ISNUMBER(SEARCH("nghệ thuật",I37)),"Khoa Giáo dục Nghệ thuật - Thể chất, Trường ĐHSP", ISNUMBER(SEARCH("tâm lý",I37)),"Khoa Tâm lý - Giáo dục - Công tác Xã hội, Trường ĐHSP" ) -> #NAME? | K37: =VLOOKUP(J37,'Bảng Đơn vị'!$A$2:$B$10,2,1) -> #NAME? | L37: 45702 | M37: 2025
A38: 37 | B38: Phân tích nguyên sơ của idean | C38: =IF(B38<>"",B38,C37) -> Phân tích nguyên sơ của idean | D38: Trương Quốc Việt | E38: 3110122015 | F38: 22ST2 | G38: TS. Trần Nam Sinh | I38: KHOA TOÁN (14 đề tài) | J38: =IFS( ISNUMBER(SEARCH("toán",I38)),"Khoa Toán - Tin, Trường ĐHSP", ISNUMBER(SEARCH("tin",I38)),"Khoa Toán - Tin, Trường ĐHSP", ISNUMBER(SEARCH("lý",I38)),"Khoa Lý - Hóa, Trường ĐHSP", ISNUMBER(SEARCH("hóa",I38)),"Khoa Lý - Hóa, Trường ĐHSP", ISNUMBER(SEARCH("ngữ văn",I38)),"Khoa Ngữ văn - Truyền thông, Trường ĐHSP", ISNUMBER(SEARCH("sử",I38)),"Khoa Sử - Địa - Chính trị, Trường ĐHSP", ISNUMBER(SEARCH("địa",I38)),"Khoa Sử - Địa - Chính trị, Trường ĐHSP", ISNUMBER(SEARCH("chính trị",I38)),"Khoa Sử - Địa - Chính trị, Trường ĐHSP", ISNUMBER(SEARCH("sinh",I38)),"Khoa Sinh - Nông nghiệp - Môi trường, Trường ĐHSP", ISNUMBER(SEARCH("tiểu học",I38)),"Khoa Giáo dục Tiểu học - Mầm non, Trường ĐHSP", ISNUMBER(SEARCH("mầm non",I38)),"Khoa Giáo dục Tiểu học - Mầm non, Trường ĐHSP", ISNUMBER(SEARCH("nghệ thuật",I38)),"Khoa Giáo dục Nghệ thuật - Thể chất, Trường ĐHSP", ISNUMBER(SEARCH("tâm lý",I38)),"Khoa Tâm lý - Giáo dục - Công tác Xã hội, Trường ĐHSP" ) -> #NAME? | K38: =VLOOKUP(J38,'Bảng Đơn vị'!$A$2:$B$10,2,1) -> #NAME? | L38: 45703 | M38: 2025
A39: 38 | C39: =IF(B39<>"",B39,C38) -> Phân tích nguyên sơ của idean | D39: Trần Bảo Uyên | E39: 3110122100 | F39: 22ST1 | I39: KHOA TOÁN (14 đề tài) | J39: =IFS( ISNUMBER(SEARCH("toán",I39)),"Khoa Toán - Tin, Trường ĐHSP", ISNUMBER(SEARCH("tin",I39)),"Khoa Toán - Tin, Trường ĐHSP", ISNUMBER(SEARCH("lý",I39)),"Khoa Lý - Hóa, Trường ĐHSP", ISNUMBER(SEARCH("hóa",I39)),"Khoa Lý - Hóa, Trường ĐHSP", ISNUMBER(SEARCH("ngữ văn",I39)),"Khoa Ngữ văn - Truyền thông, Trường ĐHSP", ISNUMBER(SEARCH("sử",I39)),"Khoa Sử - Địa - Chính trị, Trường ĐHSP", ISNUMBER(SEARCH("địa",I39)),"Khoa Sử - Địa - Chính trị, Trường ĐHSP", ISNUMBER(SEARCH("chính trị",I39)),"Khoa Sử - Địa - Chính trị, Trường ĐHSP", ISNUMBER(SEARCH("sinh",I39)),"Khoa Sinh - Nông nghiệp - Môi trường, Trường ĐHSP", ISNUMBER(SEARCH("tiểu học",I39)),"Khoa Giáo dục Tiểu học - Mầm non, Trường ĐHSP", ISNUMBER(SEARCH("mầm non",I39)),"Khoa Giáo dục Tiểu học - Mầm non, Trường ĐHSP", ISNUMBER(SEARCH("nghệ thuật",I39)),"Khoa Giáo dục Nghệ thuật - Thể chất, Trường ĐHSP", ISNUMBER(SEARCH("tâm lý",I39)),"Khoa Tâm lý - Giáo dục - Công tác Xã hội, Trường ĐHSP" ) -> #NAME? | K39: =VLOOKUP(J39,'Bảng Đơn vị'!$A$2:$B$10,2,1) -> #NAME? | L39: 45704 | M39: 2025
A40: 39 | C40: =IF(B40<>"",B40,C39) -> Phân tích nguyên sơ của idean | D40: Phạm Cẩm Vân | E40: 3110122102 | F40: 22ST2 | I40: KHOA TOÁN (14 đề tài) | J40: =IFS( ISNUMBER(SEARCH("toán",I40)),"Khoa Toán - Tin, Trường ĐHSP", ISNUMBER(SEARCH("tin",I40)),"Khoa Toán - Tin, Trường ĐHSP", ISNUMBER(SEARCH("lý",I40)),"Khoa Lý - Hóa, Trường ĐHSP", ISNUMBER(SEARCH("hóa",I40)),"Khoa Lý - Hóa, Trường ĐHSP", ISNUMBER(SEARCH("ngữ văn",I40)),"Khoa Ngữ văn - Truyền thông, Trường ĐHSP", ISNUMBER(SEARCH("sử",I40)),"Khoa Sử - Địa - Chính trị, Trường ĐHSP", ISNUMBER(SEARCH("địa",I40)),"Khoa Sử - Địa - Chính trị, Trường ĐHSP", ISNUMBER(SEARCH("chính trị",I40)),"Khoa Sử - Địa - Chính trị, Trường ĐHSP", ISNUMBER(SEARCH("sinh",I40)),"Khoa Sinh - Nông nghiệp - Môi trường, Trường ĐHSP", ISNUMBER(SEARCH("tiểu học",I40)),"Khoa Giáo dục Tiểu học - Mầm non, Trường ĐHSP", ISNUMBER(SEARCH("mầm non",I40)),"Khoa Giáo dục Tiểu học - Mầm non, Trường ĐHSP", ISNUMBER(SEARCH("nghệ thuật",I40)),"Khoa Giáo dục Nghệ thuật - Thể chất, Trường ĐHSP", ISNUMBER(SEARCH("tâm lý",I40)),"Khoa Tâm lý - Giáo dục - Công tác Xã hội, Trường ĐHSP" ) -> #NAME? | K40: =VLOOKUP(J40,'Bảng Đơn vị'!$A$2:$B$10,2,1) -> #NAME? | L40: 45705 | M40: 2025
A41: 40 | C41: =IF(B41<>"",B41,C40) -> Phân tích nguyên sơ của idean | D41: Lê Minh Hội | E41: 3100122026 | F41: 22ST2 | I41: KHOA TOÁN (14 đề tài) | J41: =IFS( ISNUMBER(SEARCH("toán",I41)),"Khoa Toán - Tin, Trường ĐHSP", ISNUMBER(SEARCH("tin",I41)),"Khoa Toán - Tin, Trường ĐHSP", ISNUMBER(SEARCH("lý",I41)),"Khoa Lý - Hóa, Trường ĐHSP", ISNUMBER(SEARCH("hóa",I41)),"Khoa Lý - Hóa, Trường ĐHSP", ISNUMBER(SEARCH("ngữ văn",I41)),"Khoa Ngữ văn - Truyền thông, Trường ĐHSP", ISNUMBER(SEARCH("sử",I41)),"Khoa Sử - Địa - Chính trị, Trường ĐHSP", ISNUMBER(SEARCH("địa",I41)),"Khoa Sử - Địa - Chính trị, Trường ĐHSP", ISNUMBER(SEARCH("chính trị",I41)),"Khoa Sử - Địa - Chính trị, Trường ĐHSP", ISNUMBER(SEARCH("sinh",I41)),"Khoa Sinh - Nông nghiệp - Môi trường, Trường ĐHSP", ISNUMBER(SEARCH("tiểu học",I41)),"Khoa Giáo dục Tiểu học - Mầm non, Trường ĐHSP", ISNUMBER(SEARCH("mầm non",I41)),"Khoa Giáo dục Tiểu học - Mầm non, Trường ĐHSP", ISNUMBER(SEARCH("nghệ thuật",I41)),"Khoa Giáo dục Nghệ thuật - Thể chất, Trường ĐHSP", ISNUMBER(SEARCH("tâm lý",I41)),"Khoa Tâm lý - Giáo dục - Công tác Xã hội, Trường ĐHSP" ) -> #NAME? | K41: =VLOOKUP(J41,'Bảng Đơn vị'!$A$2:$B$10,2,1) -> #NAME? | L41: 45706 | M41: 2025
A42: 41 | B42: Phép tính trên giá trị khoảng và áp dụng trong thiết lập mô hình toán học của một nhà máy sản xuất thép | C42: =IF(B42<>"",B42,C41) -> Phép tính trên giá trị khoảng và áp dụng trong thiết lập mô hình toán học của một nhà máy sản xuất thép | D42: Phạm Minh Tuấn | E42: 3110123103 | F42: 23ST2 | G42: TS. Trần Văn Sự | I42: KHOA TOÁN (14 đề tài) | J42: =IFS( ISNUMBER(SEARCH("toán",I42)),"Khoa Toán - Tin, Trường ĐHSP", ISNUMBER(SEARCH("tin",I42)),"Khoa Toán - Tin, Trường ĐHSP", ISNUMBER(SEARCH("lý",I42)),"Khoa Lý - Hóa, Trường ĐHSP", ISNUMBER(SEARCH("hóa",I42)),"Khoa Lý - Hóa, Trường ĐHSP", ISNUMBER(SEARCH("ngữ văn",I42)),"Khoa Ngữ văn - Truyền thông, Trường ĐHSP", ISNUMBER(SEARCH("sử",I42)),"Khoa Sử - Địa - Chính trị, Trường ĐHSP", ISNUMBER(SEARCH("địa",I42)),"Khoa Sử - Địa - Chính trị, Trường ĐHSP", ISNUMBER(SEARCH("chính trị",I42)),"Khoa Sử - Địa - Chính trị, Trường ĐHSP", ISNUMBER(SEARCH("sinh",I42)),"Khoa Sinh - Nông nghiệp - Môi trường, Trường ĐHSP", ISNUMBER(SEARCH("tiểu học",I42)),"Khoa Giáo dục Tiểu học - Mầm non, Trường ĐHSP", ISNUMBER(SEARCH("mầm non",I42)),"Khoa Giáo dục Tiểu học - Mầm non, Trường ĐHSP", ISNUMBER(SEARCH("nghệ thuật",I42)),"Khoa Giáo dục Nghệ thuật - Thể chất, Trường ĐHSP", ISNUMBER(SEARCH("tâm lý",I42)),"Khoa Tâm lý - Giáo dục - Công tác Xã hội, Trường ĐHSP" ) -> #NAME? | K42: =VLOOKUP(J42,'Bảng Đơn vị'!$A$2:$B$10,2,1) -> #NAME? | L42: 45707 | M42: 2025
A43: 42 | C43: =IF(B43<>"",B43,C42) -> Phép tính trên giá trị khoảng và áp dụng trong thiết lập mô hình toán học của một nhà máy sản xuất thép | D43: Trần Tuấn Anh | E43: 3110123003 | I43: KHOA TOÁN (14 đề tài) | J43: =IFS( ISNUMBER(SEARCH("toán",I43)),"Khoa Toán - Tin, Trường ĐHSP", ISNUMBER(SEARCH("tin",I43)),"Khoa Toán - Tin, Trường ĐHSP", ISNUMBER(SEARCH("lý",I43)),"Khoa Lý - Hóa, Trường ĐHSP", ISNUMBER(SEARCH("hóa",I43)),"Khoa Lý - Hóa, Trường ĐHSP", ISNUMBER(SEARCH("ngữ văn",I43)),"Khoa Ngữ văn - Truyền thông, Trường ĐHSP", ISNUMBER(SEARCH("sử",I43)),"Khoa Sử - Địa - Chính trị, Trường ĐHSP", ISNUMBER(SEARCH("địa",I43)),"Khoa Sử - Địa - Chính trị, Trường ĐHSP", ISNUMBER(SEARCH("chính trị",I43)),"Khoa Sử - Địa - Chính trị, Trường ĐHSP", ISNUMBER(SEARCH("sinh",I43)),"Khoa Sinh - Nông nghiệp - Môi trường, Trường ĐHSP", ISNUMBER(SEARCH("tiểu học",I43)),"Khoa Giáo dục Tiểu học - Mầm non, Trường ĐHSP", ISNUMBER(SEARCH("mầm non",I43)),"Khoa Giáo dục Tiểu học - Mầm non, Trường ĐHSP", ISNUMBER(SEARCH("nghệ thuật",I43)),"Khoa Giáo dục Nghệ thuật - Thể chất, Trường ĐHSP", ISNUMBER(SEARCH("tâm lý",I43)),"Khoa Tâm lý - Giáo dục - Công tác Xã hội, Trường ĐHSP" ) -> #NAME? | K43: =VLOOKUP(J43,'Bảng Đơn vị'!$A$2:$B$10,2,1) -> #NAME? | L43: 45708 | M43: 2025
A44: 43 | C44: =IF(B44<>"",B44,C43) -> Phép tính trên giá trị khoảng và áp dụng trong thiết lập mô hình toán học của một nhà máy sản xuất thép | D44: Nguyễn Hữu Hải | E44: 3110123025 | I44: KHOA TOÁN (14 đề tài) | J44: =IFS( ISNUMBER(SEARCH("toán",I44)),"Khoa Toán - Tin, Trường ĐHSP", ISNUMBER(SEARCH("tin",I44)),"Khoa Toán - Tin, Trường ĐHSP", ISNUMBER(SEARCH("lý",I44)),"Khoa Lý - Hóa, Trường ĐHSP", ISNUMBER(SEARCH("hóa",I44)),"Khoa Lý - Hóa, Trường ĐHSP", ISNUMBER(SEARCH("ngữ văn",I44)),"Khoa Ngữ văn - Truyền thông, Trường ĐHSP", ISNUMBER(SEARCH("sử",I44)),"Khoa Sử - Địa - Chính trị, Trường ĐHSP", ISNUMBER(SEARCH("địa",I44)),"Khoa Sử - Địa - Chính trị, Trường ĐHSP", ISNUMBER(SEARCH("chính trị",I44)),"Khoa Sử - Địa - Chính trị, Trường ĐHSP", ISNUMBER(SEARCH("sinh",I44)),"Khoa Sinh - Nông nghiệp - Môi trường, Trường ĐHSP", ISNUMBER(SEARCH("tiểu học",I44)),"Khoa Giáo dục Tiểu học - Mầm non, Trường ĐHSP", ISNUMBER(SEARCH("mầm non",I44)),"Khoa Giáo dục Tiểu học - Mầm non, Trường ĐHSP", ISNUMBER(SEARCH("nghệ thuật",I44)),"Khoa Giáo dục Nghệ thuật - Thể chất, Trường ĐHSP", ISNUMBER(SEARCH("tâm lý",I44)),"Khoa Tâm lý - Giáo dục - Công tác Xã hội, Trường ĐHSP" ) -> #NAME? | K44: =VLOOKUP(J44,'Bảng Đơn vị'!$A$2:$B$10,2,1) -> #NAME? | L44: 45709 | M44: 2025
A45: 44 | C45: =IF(B45<>"",B45,C44) -> Phép tính trên giá trị khoảng và áp dụng trong thiết lập mô hình toán học của một nhà máy sản xuất thép | D45: Trương Công Hưng | E45: 3110123039 | I45: KHOA TOÁN (14 đề tài) | J45: =IFS( ISNUMBER(SEARCH("toán",I45)),"Khoa Toán - Tin, Trường ĐHSP", ISNUMBER(SEARCH("tin",I45)),"Khoa Toán - Tin, Trường ĐHSP", ISNUMBER(SEARCH("lý",I45)),"Khoa Lý - Hóa, Trường ĐHSP", ISNUMBER(SEARCH("hóa",I45)),"Khoa Lý - Hóa, Trường ĐHSP", ISNUMBER(SEARCH("ngữ văn",I45)),"Khoa Ngữ văn - Truyền thông, Trường ĐHSP", ISNUMBER(SEARCH("sử",I45)),"Khoa Sử - Địa - Chính trị, Trường ĐHSP", ISNUMBER(SEARCH("địa",I45)),"Khoa Sử - Địa - Chính trị, Trường ĐHSP", ISNUMBER(SEARCH("chính trị",I45)),"Khoa Sử - Địa - Chính trị, Trường ĐHSP", ISNUMBER(SEARCH("sinh",I45)),"Khoa Sinh - Nông nghiệp - Môi trường, Trường ĐHSP", ISNUMBER(SEARCH("tiểu học",I45)),"Khoa Giáo dục Tiểu học - Mầm non, Trường ĐHSP", ISNUMBER(SEARCH("mầm non",I45)),"Khoa Giáo dục Tiểu học - Mầm non, Trường ĐHSP", ISNUMBER(SEARCH("nghệ thuật",I45)),"Khoa Giáo dục Nghệ thuật - Thể chất, Trường ĐHSP", ISNUMBER(SEARCH("tâm lý",I45)),"Khoa Tâm lý - Giáo dục - Công tác Xã hội, Trường ĐHSP" ) -> #NAME? | K45: =VLOOKUP(J45,'Bảng Đơn vị'!$A$2:$B$10,2,1) -> #NAME? | L45: 45710 | M45: 2025
A46: 45 | B46: Thực hành hoạt động trải nghiệm về ứng dụng một số vấn đề toán học vào giáo dục dân số Toán 11 | C46: =IF(B46<>"",B46,C45) -> Thực hành hoạt động trải nghiệm về ứng dụng một số vấn đề toán học vào giáo dục dân số Toán 11 | D46: Mai Khánh Linh | E46: 3110121087 | F46: 21ST2 | G46: PGS.TS. Nguyễn Thanh Hưng | I46: KHOA TOÁN (14 đề tài) | J46: =IFS( ISNUMBER(SEARCH("toán",I46)),"Khoa Toán - Tin, Trường ĐHSP", ISNUMBER(SEARCH("tin",I46)),"Khoa Toán - Tin, Trường ĐHSP", ISNUMBER(SEARCH("lý",I46)),"Khoa Lý - Hóa, Trường ĐHSP", ISNUMBER(SEARCH("hóa",I46)),"Khoa Lý - Hóa, Trường ĐHSP", ISNUMBER(SEARCH("ngữ văn",I46)),"Khoa Ngữ văn - Truyền thông, Trường ĐHSP", ISNUMBER(SEARCH("sử",I46)),"Khoa Sử - Địa - Chính trị, Trường ĐHSP", ISNUMBER(SEARCH("địa",I46)),"Khoa Sử - Địa - Chính trị, Trường ĐHSP", ISNUMBER(SEARCH("chính trị",I46)),"Khoa Sử - Địa - Chính trị, Trường ĐHSP", ISNUMBER(SEARCH("sinh",I46)),"Khoa Sinh - Nông nghiệp - Môi trường, Trường ĐHSP", ISNUMBER(SEARCH("tiểu học",I46)),"Khoa Giáo dục Tiểu học - Mầm non, Trường ĐHSP", ISNUMBER(SEARCH("mầm non",I46)),"Khoa Giáo dục Tiểu học - Mầm non, Trường ĐHSP", ISNUMBER(SEARCH("nghệ thuật",I46)),"Khoa Giáo dục Nghệ thuật - Thể chất, Trường ĐHSP", ISNUMBER(SEARCH("tâm lý",I46)),"Khoa Tâm lý - Giáo dục - Công tác Xã hội, Trường ĐHSP" ) -> #NAME? | K46: =VLOOKUP(J46,'Bảng Đơn vị'!$A$2:$B$10,2,1) -> #NAME? | L46: 45711 | M46: 2025
A47: 46 | C47: =IF(B47<>"",B47,C46) -> Thực hành hoạt động trải nghiệm về ứng dụng một số vấn đề toán học vào giáo dục dân số Toán 11 | D47: Nguyễn Thiên An | E47: 3110121048 | I47: KHOA TOÁN (14 đề tài) | J47: =IFS( ISNUMBER(SEARCH("toán",I47)),"Khoa Toán - Tin, Trường ĐHSP", ISNUMBER(SEARCH("tin",I47)),"Khoa Toán - Tin, Trường ĐHSP", ISNUMBER(SEARCH("lý",I47)),"Khoa Lý - Hóa, Trường ĐHSP", ISNUMBER(SEARCH("hóa",I47)),"Khoa Lý - Hóa, Trường ĐHSP", ISNUMBER(SEARCH("ngữ văn",I47)),"Khoa Ngữ văn - Truyền thông, Trường ĐHSP", ISNUMBER(SEARCH("sử",I47)),"Khoa Sử - Địa - Chính trị, Trường ĐHSP", ISNUMBER(SEARCH("địa",I47)),"Khoa Sử - Địa - Chính trị, Trường ĐHSP", ISNUMBER(SEARCH("chính trị",I47)),"Khoa Sử - Địa - Chính trị, Trường ĐHSP", ISNUMBER(SEARCH("sinh",I47)),"Khoa Sinh - Nông nghiệp - Môi trường, Trường ĐHSP", ISNUMBER(SEARCH("tiểu học",I47)),"Khoa Giáo dục Tiểu học - Mầm non, Trường ĐHSP", ISNUMBER(SEARCH("mầm non",I47)),"Khoa Giáo dục Tiểu học - Mầm non, Trường ĐHSP", ISNUMBER(SEARCH("nghệ thuật",I47)),"Khoa Giáo dục Nghệ thuật - Thể chất, Trường ĐHSP", ISNUMBER(SEARCH("tâm lý",I47)),"Khoa Tâm lý - Giáo dục - Công tác Xã hội, Trường ĐHSP" ) -> #NAME? | K47: =VLOOKUP(J47,'Bảng Đơn vị'!$A$2:$B$10,2,1) -> #NAME? | L47: 45712 | M47: 2025
A48: 47 | C48: =IF(B48<>"",B48,C47) -> Thực hành hoạt động trải nghiệm về ứng dụng một số vấn đề toán học vào giáo dục dân số Toán 11 | D48: Phan Thị Thu Sương | E48: 3110121021 | I48: KHOA TOÁN (14 đề tài) | J48: =IFS( ISNUMBER(SEARCH("toán",I48)),"Khoa Toán - Tin, Trường ĐHSP", ISNUMBER(SEARCH("tin",I48)),"Khoa Toán - Tin, Trường ĐHSP", ISNUMBER(SEARCH("lý",I48)),"Khoa Lý - Hóa, Trường ĐHSP", ISNUMBER(SEARCH("hóa",I48)),"Khoa Lý - Hóa, Trường ĐHSP", ISNUMBER(SEARCH("ngữ văn",I48)),"Khoa Ngữ văn - Truyền thông, Trường ĐHSP", ISNUMBER(SEARCH("sử",I48)),"Khoa Sử - Địa - Chính trị, Trường ĐHSP", ISNUMBER(SEARCH("địa",I48)),"Khoa Sử - Địa - Chính trị, Trường ĐHSP", ISNUMBER(SEARCH("chính trị",I48)),"Khoa Sử - Địa - Chính trị, Trường ĐHSP", ISNUMBER(SEARCH("sinh",I48)),"Khoa Sinh - Nông nghiệp - Môi trường, Trường ĐHSP", ISNUMBER(SEARCH("tiểu học",I48)),"Khoa Giáo dục Tiểu học - Mầm non, Trường ĐHSP", ISNUMBER(SEARCH("mầm non",I48)),"Khoa Giáo dục Tiểu học - Mầm non, Trường ĐHSP", ISNUMBER(SEARCH("nghệ thuật",I48)),"Khoa Giáo dục Nghệ thuật - Thể chất, Trường ĐHSP", ISNUMBER(SEARCH("tâm lý",I48)),"Khoa Tâm lý - Giáo dục - Công tác Xã hội, Trường ĐHSP" ) -> #NAME? | K48: =VLOOKUP(J48,'Bảng Đơn vị'!$A$2:$B$10,2,1) -> #NAME? | L48: 45713 | M48: 2025
A49: 48 | B49: Thiết kế và tổ chức hoạt động trải nghiệm qua dạy học toán tài chính cho học sinh lớp 10. | C49: =IF(B49<>"",B49,C48) -> Thiết kế và tổ chức hoạt động trải nghiệm qua dạy học toán tài chính cho học sinh lớp 10. | D49: Nguyễn Viết Duy Bảo | E49: 3110123007 | F49: 23ST1 | G49: PGS.TS. Nguyễn Thanh Hưng | I49: KHOA TOÁN (14 đề tài) | J49: =IFS( ISNUMBER(SEARCH("toán",I49)),"Khoa Toán - Tin, Trường ĐHSP", ISNUMBER(SEARCH("tin",I49)),"Khoa Toán - Tin, Trường ĐHSP", ISNUMBER(SEARCH("lý",I49)),"Khoa Lý - Hóa, Trường ĐHSP", ISNUMBER(SEARCH("hóa",I49)),"Khoa Lý - Hóa, Trường ĐHSP", ISNUMBER(SEARCH("ngữ văn",I49)),"Khoa Ngữ văn - Truyền thông, Trường ĐHSP", ISNUMBER(SEARCH("sử",I49)),"Khoa Sử - Địa - Chính trị, Trường ĐHSP", ISNUMBER(SEARCH("địa",I49)),"Khoa Sử - Địa - Chính trị, Trường ĐHSP", ISNUMBER(SEARCH("chính trị",I49)),"Khoa Sử - Địa - Chính trị, Trường ĐHSP", ISNUMBER(SEARCH("sinh",I49)),"Khoa Sinh - Nông nghiệp - Môi trường, Trường ĐHSP", ISNUMBER(SEARCH("tiểu học",I49)),"Khoa Giáo dục Tiểu học - Mầm non, Trường ĐHSP", ISNUMBER(SEARCH("mầm non",I49)),"Khoa Giáo dục Tiểu học - Mầm non, Trường ĐHSP", ISNUMBER(SEARCH("nghệ thuật",I49)),"Khoa Giáo dục Nghệ thuật - Thể chất, Trường ĐHSP", ISNUMBER(SEARCH("tâm lý",I49)),"Khoa Tâm lý - Giáo dục - Công tác Xã hội, Trường ĐHSP" ) -> #NAME? | K49: =VLOOKUP(J49,'Bảng Đơn vị'!$A$2:$B$10,2,1) -> #NAME? | L49: 45714 | M49: 2025
A50: 49 | C50: =IF(B50<>"",B50,C49) -> Thiết kế và tổ chức hoạt động trải nghiệm qua dạy học toán tài chính cho học sinh lớp 10. | D50: Nguyễn Thị Ly Nơ | E50: 3110123072 | I50: KHOA TOÁN (14 đề tài) | J50: =IFS( ISNUMBER(SEARCH("toán",I50)),"Khoa Toán - Tin, Trường ĐHSP", ISNUMBER(SEARCH("tin",I50)),"Khoa Toán - Tin, Trường ĐHSP", ISNUMBER(SEARCH("lý",I50)),"Khoa Lý - Hóa, Trường ĐHSP", ISNUMBER(SEARCH("hóa",I50)),"Khoa Lý - Hóa, Trường ĐHSP", ISNUMBER(SEARCH("ngữ văn",I50)),"Khoa Ngữ văn - Truyền thông, Trường ĐHSP", ISNUMBER(SEARCH("sử",I50)),"Khoa Sử - Địa - Chính trị, Trường ĐHSP", ISNUMBER(SEARCH("địa",I50)),"Khoa Sử - Địa - Chính trị, Trường ĐHSP", ISNUMBER(SEARCH("chính trị",I50)),"Khoa Sử - Địa - Chính trị, Trường ĐHSP", ISNUMBER(SEARCH("sinh",I50)),"Khoa Sinh - Nông nghiệp - Môi trường, Trường ĐHSP", ISNUMBER(SEARCH("tiểu học",I50)),"Khoa Giáo dục Tiểu học - Mầm non, Trường ĐHSP", ISNUMBER(SEARCH("mầm non",I50)),"Khoa Giáo dục Tiểu học - Mầm non, Trường ĐHSP", ISNUMBER(SEARCH("nghệ thuật",I50)),"Khoa Giáo dục Nghệ thuật - Thể chất, Trường ĐHSP", ISNUMBER(SEARCH("tâm lý",I50)),"Khoa Tâm lý - Giáo dục - Công tác Xã hội, Trường ĐHSP" ) -> #NAME? | K50: =VLOOKUP(J50,'Bảng Đơn vị'!$A$2:$B$10,2,1) -> #NAME? | L50: 45715 | M50: 2025
A51: 50 | C51: =IF(B51<>"",B51,C50) -> Thiết kế và tổ chức hoạt động trải nghiệm qua dạy học toán tài chính cho học sinh lớp 10. | D51: Huỳnh Công Phát | E51: 3110123073 | I51: KHOA TOÁN (14 đề tài) | J51: =IFS( ISNUMBER(SEARCH("toán",I51)),"Khoa Toán - Tin, Trường ĐHSP", ISNUMBER(SEARCH("tin",I51)),"Khoa Toán - Tin, Trường ĐHSP", ISNUMBER(SEARCH("lý",I51)),"Khoa Lý - Hóa, Trường ĐHSP", ISNUMBER(SEARCH("hóa",I51)),"Khoa Lý - Hóa, Trường ĐHSP", ISNUMBER(SEARCH("ngữ văn",I51)),"Khoa Ngữ văn - Truyền thông, Trường ĐHSP", ISNUMBER(SEARCH("sử",I51)),"Khoa Sử - Địa - Chính trị, Trường ĐHSP", ISNUMBER(SEARCH("địa",I51)),"Khoa Sử - Địa - Chính trị, Trường ĐHSP", ISNUMBER(SEARCH("chính trị",I51)),"Khoa Sử - Địa - Chính trị, Trường ĐHSP", ISNUMBER(SEARCH("sinh",I51)),"Khoa Sinh - Nông nghiệp - Môi trường, Trường ĐHSP", ISNUMBER(SEARCH("tiểu học",I51)),"Khoa Giáo dục Tiểu học - Mầm non, Trường ĐHSP", ISNUMBER(SEARCH("mầm non",I51)),"Khoa Giáo dục Tiểu học - Mầm non, Trường ĐHSP", ISNUMBER(SEARCH("nghệ thuật",I51)),"Khoa Giáo dục Nghệ thuật - Thể chất, Trường ĐHSP", ISNUMBER(SEARCH("tâm lý",I51)),"Khoa Tâm lý - Giáo dục - Công tác Xã hội, Trường ĐHSP" ) -> #NAME? | K51: =VLOOKUP(J51,'Bảng Đơn vị'!$A$2:$B$10,2,1) -> #NAME? | L51: 45716 | M51: 2025
A52: 51 | B52: Về trường hợp thứ bậc cấp 2(3) cho hệ điều khiển vi phân | C52: =IF(B52<>"",B52,C51) -> Về trường hợp thứ bậc cấp 2(3) cho hệ điều khiển vi phân | D52: Trương Thị Thanh Thảo | E52: 3110121128 | F52: 21ST2 | G52: TS. Lê Hải Trung | I52: KHOA TOÁN (14 đề tài) | J52: =IFS( ISNUMBER(SEARCH("toán",I52)),"Khoa Toán - Tin, Trường ĐHSP", ISNUMBER(SEARCH("tin",I52)),"Khoa Toán - Tin, Trường ĐHSP", ISNUMBER(SEARCH("lý",I52)),"Khoa Lý - Hóa, Trường ĐHSP", ISNUMBER(SEARCH("hóa",I52)),"Khoa Lý - Hóa, Trường ĐHSP", ISNUMBER(SEARCH("ngữ văn",I52)),"Khoa Ngữ văn - Truyền thông, Trường ĐHSP", ISNUMBER(SEARCH("sử",I52)),"Khoa Sử - Địa - Chính trị, Trường ĐHSP", ISNUMBER(SEARCH("địa",I52)),"Khoa Sử - Địa - Chính trị, Trường ĐHSP", ISNUMBER(SEARCH("chính trị",I52)),"Khoa Sử - Địa - Chính trị, Trường ĐHSP", ISNUMBER(SEARCH("sinh",I52)),"Khoa Sinh - Nông nghiệp - Môi trường, Trường ĐHSP", ISNUMBER(SEARCH("tiểu học",I52)),"Khoa Giáo dục Tiểu học - Mầm non, Trường ĐHSP", ISNUMBER(SEARCH("mầm non",I52)),"Khoa Giáo dục Tiểu học - Mầm non, Trường ĐHSP", ISNUMBER(SEARCH("nghệ thuật",I52)),"Khoa Giáo dục Nghệ thuật - Thể chất, Trường ĐHSP", ISNUMBER(SEARCH("tâm lý",I52)),"Khoa Tâm lý - Giáo dục - Công tác Xã hội, Trường ĐHSP" ) -> #NAME? | K52: =VLOOKUP(J52,'Bảng Đơn vị'!$A$2:$B$10,2,1) -> #NAME? | L52: 45717 | M52: 2025
A53: 52 | C53: =IF(B53<>"",B53,C52) -> Về trường hợp thứ bậc cấp 2(3) cho hệ điều khiển vi phân | D53: Nguyễn Thị Kim Phượng | E53: 3110121018 | I53: KHOA TOÁN (14 đề tài) | J53: =IFS( ISNUMBER(SEARCH("toán",I53)),"Khoa Toán - Tin, Trường ĐHSP", ISNUMBER(SEARCH("tin",I53)),"Khoa Toán - Tin, Trường ĐHSP", ISNUMBER(SEARCH("lý",I53)),"Khoa Lý - Hóa, Trường ĐHSP", ISNUMBER(SEARCH("hóa",I53)),"Khoa Lý - Hóa, Trường ĐHSP", ISNUMBER(SEARCH("ngữ văn",I53)),"Khoa Ngữ văn - Truyền thông, Trường ĐHSP", ISNUMBER(SEARCH("sử",I53)),"Khoa Sử - Địa - Chính trị, Trường ĐHSP", ISNUMBER(SEARCH("địa",I53)),"Khoa Sử - Địa - Chính trị, Trường ĐHSP", ISNUMBER(SEARCH("chính trị",I53)),"Khoa Sử - Địa - Chính trị, Trường ĐHSP", ISNUMBER(SEARCH("sinh",I53)),"Khoa Sinh - Nông nghiệp - Môi trường, Trường ĐHSP", ISNUMBER(SEARCH("tiểu học",I53)),"Khoa Giáo dục Tiểu học - Mầm non, Trường ĐHSP", ISNUMBER(SEARCH("mầm non",I53)),"Khoa Giáo dục Tiểu học - Mầm non, Trường ĐHSP", ISNUMBER(SEARCH("nghệ thuật",I53)),"Khoa Giáo dục Nghệ thuật - Thể chất, Trường ĐHSP", ISNUMBER(SEARCH("tâm lý",I53)),"Khoa Tâm lý - Giáo dục - Công tác Xã hội, Trường ĐHSP" ) -> #NAME? | K53: =VLOOKUP(J53,'Bảng Đơn vị'!$A$2:$B$10,2,1) -> #NAME? | L53: 45718 | M53: 2025
A54: 53 | B54: Về tính chất bóng của hệ động lực tuyến tính | C54: =IF(B54<>"",B54,C53) -> Về tính chất bóng của hệ động lực tuyến tính | D54: Lê Việt Hà | E54: 3110123022 | F54: 23ST1 | G54: TS. Nguyễn Ngọc Thạch | I54: KHOA TOÁN (14 đề tài) | J54: =IFS( ISNUMBER(SEARCH("toán",I54)),"Khoa Toán - Tin, Trường ĐHSP", ISNUMBER(SEARCH("tin",I54)),"Khoa Toán - Tin, Trường ĐHSP", ISNUMBER(SEARCH("lý",I54)),"Khoa Lý - Hóa, Trường ĐHSP", ISNUMBER(SEARCH("hóa",I54)),"Khoa Lý - Hóa, Trường ĐHSP", ISNUMBER(SEARCH("ngữ văn",I54)),"Khoa Ngữ văn - Truyền thông, Trường ĐHSP", ISNUMBER(SEARCH("sử",I54)),"Khoa Sử - Địa - Chính trị, Trường ĐHSP", ISNUMBER(SEARCH("địa",I54)),"Khoa Sử - Địa - Chính trị, Trường ĐHSP", ISNUMBER(SEARCH("chính trị",I54)),"Khoa Sử - Địa - Chính trị, Trường ĐHSP", ISNUMBER(SEARCH("sinh",I54)),"Khoa Sinh - Nông nghiệp - Môi trường, Trường ĐHSP", ISNUMBER(SEARCH("tiểu học",I54)),"Khoa Giáo dục Tiểu học - Mầm non, Trường ĐHSP", ISNUMBER(SEARCH("mầm non",I54)),"Khoa Giáo dục Tiểu học - Mầm non, Trường ĐHSP", ISNUMBER(SEARCH("nghệ thuật",I54)),"Khoa Giáo dục Nghệ thuật - Thể chất, Trường ĐHSP", ISNUMBER(SEARCH("tâm lý",I54)),"Khoa Tâm lý - Giáo dục - Công tác Xã hội, Trường ĐHSP" ) -> #NAME? | K54: =VLOOKUP(J54,'Bảng Đơn vị'!$A$2:$B$10,2,1) -> #NAME? | L54: 45719 | M54: 2025
A55: 54 | C55: =IF(B55<>"",B55,C54) -> Về tính chất bóng của hệ động lực tuyến tính | D55: Vũ Khánh Linh | E55: 3110123051 | I55: KHOA TOÁN (14 đề tài) | J55: =IFS( ISNUMBER(SEARCH("toán",I55)),"Khoa Toán - Tin, Trường ĐHSP", ISNUMBER(SEARCH("tin",I55)),"Khoa Toán - Tin, Trường ĐHSP", ISNUMBER(SEARCH("lý",I55)),"Khoa Lý - Hóa, Trường ĐHSP", ISNUMBER(SEARCH("hóa",I55)),"Khoa Lý - Hóa, Trường ĐHSP", ISNUMBER(SEARCH("ngữ văn",I55)),"Khoa Ngữ văn - Truyền thông, Trường ĐHSP", ISNUMBER(SEARCH("sử",I55)),"Khoa Sử - Địa - Chính trị, Trường ĐHSP", ISNUMBER(SEARCH("địa",I55)),"Khoa Sử - Địa - Chính trị, Trường ĐHSP", ISNUMBER(SEARCH("chính trị",I55)),"Khoa Sử - Địa - Chính trị, Trường ĐHSP", ISNUMBER(SEARCH("sinh",I55)),"Khoa Sinh - Nông nghiệp - Môi trường, Trường ĐHSP", ISNUMBER(SEARCH("tiểu học",I55)),"Khoa Giáo dục Tiểu học - Mầm non, Trường ĐHSP", ISNUMBER(SEARCH("mầm non",I55)),"Khoa Giáo dục Tiểu học - Mầm non, Trường ĐHSP", ISNUMBER(SEARCH("nghệ thuật",I55)),"Khoa Giáo dục Nghệ thuật - Thể chất, Trường ĐHSP", ISNUMBER(SEARCH("tâm lý",I55)),"Khoa Tâm lý - Giáo dục - Công tác Xã hội, Trường ĐHSP" ) -> #NAME? | K55: =VLOOKUP(J55,'Bảng Đơn vị'!$A$2:$B$10,2,1) -> #NAME? | L55: 45720 | M55: 2025
A56: 55 | B56: Xây dựng và phát triển ứng dụng mang tính giáo dục thông qua các hoạt động trò chơi giải trí | C56: =IF(B56<>"",B56,C55) -> Xây dựng và phát triển ứng dụng mang tính giáo dục thông qua các hoạt động trò chơi giải trí | D56: Dương Vũ Minh Việt | E56: 3120123040 | F56: 23SPT | G56: TS. Trần Văn Hưng | I56: KHOA TIN HỌC (03 đề tài) | J56: =IFS( ISNUMBER(SEARCH("toán",I56)),"Khoa Toán - Tin, Trường ĐHSP", ISNUMBER(SEARCH("tin",I56)),"Khoa Toán - Tin, Trường ĐHSP", ISNUMBER(SEARCH("lý",I56)),"Khoa Lý - Hóa, Trường ĐHSP", ISNUMBER(SEARCH("hóa",I56)),"Khoa Lý - Hóa, Trường ĐHSP", ISNUMBER(SEARCH("ngữ văn",I56)),"Khoa Ngữ văn - Truyền thông, Trường ĐHSP", ISNUMBER(SEARCH("sử",I56)),"Khoa Sử - Địa - Chính trị, Trường ĐHSP", ISNUMBER(SEARCH("địa",I56)),"Khoa Sử - Địa - Chính trị, Trường ĐHSP", ISNUMBER(SEARCH("chính trị",I56)),"Khoa Sử - Địa - Chính trị, Trường ĐHSP", ISNUMBER(SEARCH("sinh",I56)),"Khoa Sinh - Nông nghiệp - Môi trường, Trường ĐHSP", ISNUMBER(SEARCH("tiểu học",I56)),"Khoa Giáo dục Tiểu học - Mầm non, Trường ĐHSP", ISNUMBER(SEARCH("mầm non",I56)),"Khoa Giáo dục Tiểu học - Mầm non, Trường ĐHSP", ISNUMBER(SEARCH("nghệ thuật",I56)),"Khoa Giáo dục Nghệ thuật - Thể chất, Trường ĐHSP", ISNUMBER(SEARCH("tâm lý",I56)),"Khoa Tâm lý - Giáo dục - Công tác Xã hội, Trường ĐHSP" ) -> #NAME? | K56: =VLOOKUP(J56,'Bảng Đơn vị'!$A$2:$B$10,2,1) -> #NAME? | L56: 45721 | M56: 2025
A57: 56 | C57: =IF(B57<>"",B57,C56) -> Xây dựng và phát triển ứng dụng mang tính giáo dục thông qua các hoạt động trò chơi giải trí | D57: Phạm Kỳ Hải | E57: 3120123008 | I57: KHOA TIN HỌC (03 đề tài) | J57: =IFS( ISNUMBER(SEARCH("toán",I57)),"Khoa Toán - Tin, Trường ĐHSP", ISNUMBER(SEARCH("tin",I57)),"Khoa Toán - Tin, Trường ĐHSP", ISNUMBER(SEARCH("lý",I57)),"Khoa Lý - Hóa, Trường ĐHSP", ISNUMBER(SEARCH("hóa",I57)),"Khoa Lý - Hóa, Trường ĐHSP", ISNUMBER(SEARCH("ngữ văn",I57)),"Khoa Ngữ văn - Truyền thông, Trường ĐHSP", ISNUMBER(SEARCH("sử",I57)),"Khoa Sử - Địa - Chính trị, Trường ĐHSP", ISNUMBER(SEARCH("địa",I57)),"Khoa Sử - Địa - Chính trị, Trường ĐHSP", ISNUMBER(SEARCH("chính trị",I57)),"Khoa Sử - Địa - Chính trị, Trường ĐHSP", ISNUMBER(SEARCH("sinh",I57)),"Khoa Sinh - Nông nghiệp - Môi trường, Trường ĐHSP", ISNUMBER(SEARCH("tiểu học",I57)),"Khoa Giáo dục Tiểu học - Mầm non, Trường ĐHSP", ISNUMBER(SEARCH("mầm non",I57)),"Khoa Giáo dục Tiểu học - Mầm non, Trường ĐHSP", ISNUMBER(SEARCH("nghệ thuật",I57)),"Khoa Giáo dục Nghệ thuật - Thể chất, Trường ĐHSP", ISNUMBER(SEARCH("tâm lý",I57)),"Khoa Tâm lý - Giáo dục - Công tác Xã hội, Trường ĐHSP" ) -> #NAME? | K57: =VLOOKUP(J57,'Bảng Đơn vị'!$A$2:$B$10,2,1) -> #NAME? | L57: 45722 | M57: 2025
A58: 57 | C58: =IF(B58<>"",B58,C57) -> Xây dựng và phát triển ứng dụng mang tính giáo dục thông qua các hoạt động trò chơi giải trí | D58: Trần Minh Nhật | E58: 3120123024 | I58: KHOA TIN HỌC (03 đề tài) | J58: =IFS( ISNUMBER(SEARCH("toán",I58)),"Khoa Toán - Tin, Trường ĐHSP", ISNUMBER(SEARCH("tin",I58)),"Khoa Toán - Tin, Trường ĐHSP", ISNUMBER(SEARCH("lý",I58)),"Khoa Lý - Hóa, Trường ĐHSP", ISNUMBER(SEARCH("hóa",I58)),"Khoa Lý - Hóa, Trường ĐHSP", ISNUMBER(SEARCH("ngữ văn",I58)),"Khoa Ngữ văn - Truyền thông, Trường ĐHSP", ISNUMBER(SEARCH("sử",I58)),"Khoa Sử - Địa - Chính trị, Trường ĐHSP", ISNUMBER(SEARCH("địa",I58)),"Khoa Sử - Địa - Chính trị, Trường ĐHSP", ISNUMBER(SEARCH("chính trị",I58)),"Khoa Sử - Địa - Chính trị, Trường ĐHSP", ISNUMBER(SEARCH("sinh",I58)),"Khoa Sinh - Nông nghiệp - Môi trường, Trường ĐHSP", ISNUMBER(SEARCH("tiểu học",I58)),"Khoa Giáo dục Tiểu học - Mầm non, Trường ĐHSP", ISNUMBER(SEARCH("mầm non",I58)),"Khoa Giáo dục Tiểu học - Mầm non, Trường ĐHSP", ISNUMBER(SEARCH("nghệ thuật",I58)),"Khoa Giáo dục Nghệ thuật - Thể chất, Trường ĐHSP", ISNUMBER(SEARCH("tâm lý",I58)),"Khoa Tâm lý - Giáo dục - Công tác Xã hội, Trường ĐHSP" ) -> #NAME? | K58: =VLOOKUP(J58,'Bảng Đơn vị'!$A$2:$B$10,2,1) -> #NAME? | L58: 45723 | M58: 2025
A59: 58 | C59: =IF(B59<>"",B59,C58) -> Xây dựng và phát triển ứng dụng mang tính giáo dục thông qua các hoạt động trò chơi giải trí | D59: Bùi Thị Thu Hương | E59: 3120123013 | I59: KHOA TIN HỌC (03 đề tài) | J59: =IFS( ISNUMBER(SEARCH("toán",I59)),"Khoa Toán - Tin, Trường ĐHSP", ISNUMBER(SEARCH("tin",I59)),"Khoa Toán - Tin, Trường ĐHSP", ISNUMBER(SEARCH("lý",I59)),"Khoa Lý - Hóa, Trường ĐHSP", ISNUMBER(SEARCH("hóa",I59)),"Khoa Lý - Hóa, Trường ĐHSP", ISNUMBER(SEARCH("ngữ văn",I59)),"Khoa Ngữ văn - Truyền thông, Trường ĐHSP", ISNUMBER(SEARCH("sử",I59)),"Khoa Sử - Địa - Chính trị, Trường ĐHSP", ISNUMBER(SEARCH("địa",I59)),"Khoa Sử - Địa - Chính trị, Trường ĐHSP", ISNUMBER(SEARCH("chính trị",I59)),"Khoa Sử - Địa - Chính trị, Trường ĐHSP", ISNUMBER(SEARCH("sinh",I59)),"Khoa Sinh - Nông nghiệp - Môi trường, Trường ĐHSP", ISNUMBER(SEARCH("tiểu học",I59)),"Khoa Giáo dục Tiểu học - Mầm non, Trường ĐHSP", ISNUMBER(SEARCH("mầm non",I59)),"Khoa Giáo dục Tiểu học - Mầm non, Trường ĐHSP", ISNUMBER(SEARCH("nghệ thuật",I59)),"Khoa Giáo dục Nghệ thuật - Thể chất, Trường ĐHSP", ISNUMBER(SEARCH("tâm lý",I59)),"Khoa Tâm lý - Giáo dục - Công tác Xã hội, Trường ĐHSP" ) -> #NAME? | K59: =VLOOKUP(J59,'Bảng Đơn vị'!$A$2:$B$10,2,1) -> #NAME? | L59: 45724 | M59: 2025
A60: 59 | B60: Khám phá các yếu tố ảnh hưởng đến tư duy lập trình trong giải quyết vấn đề của sinh viên Trường Đại học Sư phạm - Đại học Đà Nẵng. Đề xuất hướng ứng dụng trong thiết kế bài giảng | C60: =IF(B60<>"",B60,C59) -> Khám phá các yếu tố ảnh hưởng đến tư duy lập trình trong giải quyết vấn đề của sinh viên Trường Đại học Sư phạm - Đại học Đà Nẵng. Đề xuất hướng ứng dụng trong thiết kế bài giảng | D60: Võ Thị Phương Loan | E60: 3120121002 | F60: 21SPT | G60: TS. Nguyễn Trần Quốc Vinh | I60: KHOA TIN HỌC (03 đề tài) | J60: =IFS( ISNUMBER(SEARCH("toán",I60)),"Khoa Toán - Tin, Trường ĐHSP", ISNUMBER(SEARCH("tin",I60)),"Khoa Toán - Tin, Trường ĐHSP", ISNUMBER(SEARCH("lý",I60)),"Khoa Lý - Hóa, Trường ĐHSP", ISNUMBER(SEARCH("hóa",I60)),"Khoa Lý - Hóa, Trường ĐHSP", ISNUMBER(SEARCH("ngữ văn",I60)),"Khoa Ngữ văn - Truyền thông, Trường ĐHSP", ISNUMBER(SEARCH("sử",I60)),"Khoa Sử - Địa - Chính trị, Trường ĐHSP", ISNUMBER(SEARCH("địa",I60)),"Khoa Sử - Địa - Chính trị, Trường ĐHSP", ISNUMBER(SEARCH("chính trị",I60)),"Khoa Sử - Địa - Chính trị, Trường ĐHSP", ISNUMBER(SEARCH("sinh",I60)),"Khoa Sinh - Nông nghiệp - Môi trường, Trường ĐHSP", ISNUMBER(SEARCH("tiểu học",I60)),"Khoa Giáo dục Tiểu học - Mầm non, Trường ĐHSP", ISNUMBER(SEARCH("mầm non",I60)),"Khoa Giáo dục Tiểu học - Mầm non, Trường ĐHSP", ISNUMBER(SEARCH("nghệ thuật",I60)),"Khoa Giáo dục Nghệ thuật - Thể chất, Trường ĐHSP", ISNUMBER(SEARCH("tâm lý",I60)),"Khoa Tâm lý - Giáo dục - Công tác Xã hội, Trường ĐHSP" ) -> #NAME? | K60: =VLOOKUP(J60,'Bảng Đơn vị'!$A$2:$B$10,2,1) -> #NAME? | L60: 45725 | M60: 2025
A61: 60 | C61: =IF(B61<>"",B61,C60) -> Khám phá các yếu tố ảnh hưởng đến tư duy lập trình trong giải quyết vấn đề của sinh viên Trường Đại học Sư phạm - Đại học Đà Nẵng. Đề xuất hướng ứng dụng trong thiết kế bài giảng | D61: Trương Quốc Thanh | E61: 3120121033 | I61: KHOA TIN HỌC (03 đề tài) | J61: =IFS( ISNUMBER(SEARCH("toán",I61)),"Khoa Toán - Tin, Trường ĐHSP", ISNUMBER(SEARCH("tin",I61)),"Khoa Toán - Tin, Trường ĐHSP", ISNUMBER(SEARCH("lý",I61)),"Khoa Lý - Hóa, Trường ĐHSP", ISNUMBER(SEARCH("hóa",I61)),"Khoa Lý - Hóa, Trường ĐHSP", ISNUMBER(SEARCH("ngữ văn",I61)),"Khoa Ngữ văn - Truyền thông, Trường ĐHSP", ISNUMBER(SEARCH("sử",I61)),"Khoa Sử - Địa - Chính trị, Trường ĐHSP", ISNUMBER(SEARCH("địa",I61)),"Khoa Sử - Địa - Chính trị, Trường ĐHSP", ISNUMBER(SEARCH("chính trị",I61)),"Khoa Sử - Địa - Chính trị, Trường ĐHSP", ISNUMBER(SEARCH("sinh",I61)),"Khoa Sinh - Nông nghiệp - Môi trường, Trường ĐHSP", ISNUMBER(SEARCH("tiểu học",I61)),"Khoa Giáo dục Tiểu học - Mầm non, Trường ĐHSP", ISNUMBER(SEARCH("mầm non",I61)),"Khoa Giáo dục Tiểu học - Mầm non, Trường ĐHSP", ISNUMBER(SEARCH("nghệ thuật",I61)),"Khoa Giáo dục Nghệ thuật - Thể chất, Trường ĐHSP", ISNUMBER(SEARCH("tâm lý",I61)),"Khoa Tâm lý - Giáo dục - Công tác Xã hội, Trường ĐHSP" ) -> #NAME? | K61: =VLOOKUP(J61,'Bảng Đơn vị'!$A$2:$B$10,2,1) -> #NAME? | L61: 45726 | M61: 2025
A62: 61 | C62: =IF(B62<>"",B62,C61) -> Khám phá các yếu tố ảnh hưởng đến tư duy lập trình trong giải quyết vấn đề của sinh viên Trường Đại học Sư phạm - Đại học Đà Nẵng. Đề xuất hướng ứng dụng trong thiết kế bài giảng | D62: Nguyễn Công Quyết | E62: 3120121014 | I62: KHOA TIN HỌC (03 đề tài) | J62: =IFS( ISNUMBER(SEARCH("toán",I62)),"Khoa Toán - Tin, Trường ĐHSP", ISNUMBER(SEARCH("tin",I62)),"Khoa Toán - Tin, Trường ĐHSP", ISNUMBER(SEARCH("lý",I62)),"Khoa Lý - Hóa, Trường ĐHSP", ISNUMBER(SEARCH("hóa",I62)),"Khoa Lý - Hóa, Trường ĐHSP", ISNUMBER(SEARCH("ngữ văn",I62)),"Khoa Ngữ văn - Truyền thông, Trường ĐHSP", ISNUMBER(SEARCH("sử",I62)),"Khoa Sử - Địa - Chính trị, Trường ĐHSP", ISNUMBER(SEARCH("địa",I62)),"Khoa Sử - Địa - Chính trị, Trường ĐHSP", ISNUMBER(SEARCH("chính trị",I62)),"Khoa Sử - Địa - Chính trị, Trường ĐHSP", ISNUMBER(SEARCH("sinh",I62)),"Khoa Sinh - Nông nghiệp - Môi trường, Trường ĐHSP", ISNUMBER(SEARCH("tiểu học",I62)),"Khoa Giáo dục Tiểu học - Mầm non, Trường ĐHSP", ISNUMBER(SEARCH("mầm non",I62)),"Khoa Giáo dục Tiểu học - Mầm non, Trường ĐHSP", ISNUMBER(SEARCH("nghệ thuật",I62)),"Khoa Giáo dục Nghệ thuật - Thể chất, Trường ĐHSP", ISNUMBER(SEARCH("tâm lý",I62)),"Khoa Tâm lý - Giáo dục - Công tác Xã hội, Trường ĐHSP" ) -> #NAME? | K62: =VLOOKUP(J62,'Bảng Đơn vị'!$A$2:$B$10,2,1) -> #NAME? | L62: 45727 | M62: 2025
A63: 62 | B63: Ứng dụng IoT trong việc xây dựng mô hình cho việc dạy học STEM ở trường THPT | C63: =IF(B63<>"",B63,C62) -> Ứng dụng IoT trong việc xây dựng mô hình cho việc dạy học STEM ở trường THPT | D63: Trần Lý Anh Kiệt | E63: 3120121028 | F63: 21SPT | G63: TS. Đoàn Duy Bình | I63: KHOA TIN HỌC (03 đề tài) | J63: =IFS( ISNUMBER(SEARCH("toán",I63)),"Khoa Toán - Tin, Trường ĐHSP", ISNUMBER(SEARCH("tin",I63)),"Khoa Toán - Tin, Trường ĐHSP", ISNUMBER(SEARCH("lý",I63)),"Khoa Lý - Hóa, Trường ĐHSP", ISNUMBER(SEARCH("hóa",I63)),"Khoa Lý - Hóa, Trường ĐHSP", ISNUMBER(SEARCH("ngữ văn",I63)),"Khoa Ngữ văn - Truyền thông, Trường ĐHSP", ISNUMBER(SEARCH("sử",I63)),"Khoa Sử - Địa - Chính trị, Trường ĐHSP", ISNUMBER(SEARCH("địa",I63)),"Khoa Sử - Địa - Chính trị, Trường ĐHSP", ISNUMBER(SEARCH("chính trị",I63)),"Khoa Sử - Địa - Chính trị, Trường ĐHSP", ISNUMBER(SEARCH("sinh",I63)),"Khoa Sinh - Nông nghiệp - Môi trường, Trường ĐHSP", ISNUMBER(SEARCH("tiểu học",I63)),"Khoa Giáo dục Tiểu học - Mầm non, Trường ĐHSP", ISNUMBER(SEARCH("mầm non",I63)),"Khoa Giáo dục Tiểu học - Mầm non, Trường ĐHSP", ISNUMBER(SEARCH("nghệ thuật",I63)),"Khoa Giáo dục Nghệ thuật - Thể chất, Trường ĐHSP", ISNUMBER(SEARCH("tâm lý",I63)),"Khoa Tâm lý - Giáo dục - Công tác Xã hội, Trường ĐHSP" ) -> #NAME? | K63: =VLOOKUP(J63,'Bảng Đơn vị'!$A$2:$B$10,2,1) -> #NAME? | L63: 45728 | M63: 2025
A64: 63 | C64: =IF(B64<>"",B64,C63) -> Ứng dụng IoT trong việc xây dựng mô hình cho việc dạy học STEM ở trường THPT | D64: Trần Thị Quỳnh Diễm | E64: 3120121021 | I64: KHOA TIN HỌC (03 đề tài) | J64: =IFS( ISNUMBER(SEARCH("toán",I64)),"Khoa Toán - Tin, Trường ĐHSP", ISNUMBER(SEARCH("tin",I64)),"Khoa Toán - Tin, Trường ĐHSP", ISNUMBER(SEARCH("lý",I64)),"Khoa Lý - Hóa, Trường ĐHSP", ISNUMBER(SEARCH("hóa",I64)),"Khoa Lý - Hóa, Trường ĐHSP", ISNUMBER(SEARCH("ngữ văn",I64)),"Khoa Ngữ văn - Truyền thông, Trường ĐHSP", ISNUMBER(SEARCH("sử",I64)),"Khoa Sử - Địa - Chính trị, Trường ĐHSP", ISNUMBER(SEARCH("địa",I64)),"Khoa Sử - Địa - Chính trị, Trường ĐHSP", ISNUMBER(SEARCH("chính trị",I64)),"Khoa Sử - Địa - Chính trị, Trường ĐHSP", ISNUMBER(SEARCH("sinh",I64)),"Khoa Sinh - Nông nghiệp - Môi trường, Trường ĐHSP", ISNUMBER(SEARCH("tiểu học",I64)),"Khoa Giáo dục Tiểu học - Mầm non, Trường ĐHSP", ISNUMBER(SEARCH("mầm non",I64)),"Khoa Giáo dục Tiểu học - Mầm non, Trường ĐHSP", ISNUMBER(SEARCH("nghệ thuật",I64)),"Khoa Giáo dục Nghệ thuật - Thể chất, Trường ĐHSP", ISNUMBER(SEARCH("tâm lý",I64)),"Khoa Tâm lý - Giáo dục - Công tác Xã hội, Trường ĐHSP" ) -> #NAME? | K64: =VLOOKUP(J64,'Bảng Đơn vị'!$A$2:$B$10,2,1) -> #NAME? | L64: 45729 | M64: 2025
A65: 64 | C65: =IF(B65<>"",B65,C64) -> Ứng dụng IoT trong việc xây dựng mô hình cho việc dạy học STEM ở trường THPT | D65: Trần Lê Tâm Như | E65: 3120121012 | I65: KHOA TIN HỌC (03 đề tài) | J65: =IFS( ISNUMBER(SEARCH("toán",I65)),"Khoa Toán - Tin, Trường ĐHSP", ISNUMBER(SEARCH("tin",I65)),"Khoa Toán - Tin, Trường ĐHSP", ISNUMBER(SEARCH("lý",I65)),"Khoa Lý - Hóa, Trường ĐHSP", ISNUMBER(SEARCH("hóa",I65)),"Khoa Lý - Hóa, Trường ĐHSP", ISNUMBER(SEARCH("ngữ văn",I65)),"Khoa Ngữ văn - Truyền thông, Trường ĐHSP", ISNUMBER(SEARCH("sử",I65)),"Khoa Sử - Địa - Chính trị, Trường ĐHSP", ISNUMBER(SEARCH("địa",I65)),"Khoa Sử - Địa - Chính trị, Trường ĐHSP", ISNUMBER(SEARCH("chính trị",I65)),"Khoa Sử - Địa - Chính trị, Trường ĐHSP", ISNUMBER(SEARCH("sinh",I65)),"Khoa Sinh - Nông nghiệp - Môi trường, Trường ĐHSP", ISNUMBER(SEARCH("tiểu học",I65)),"Khoa Giáo dục Tiểu học - Mầm non, Trường ĐHSP", ISNUMBER(SEARCH("mầm non",I65)),"Khoa Giáo dục Tiểu học - Mầm non, Trường ĐHSP", ISNUMBER(SEARCH("nghệ thuật",I65)),"Khoa Giáo dục Nghệ thuật - Thể chất, Trường ĐHSP", ISNUMBER(SEARCH("tâm lý",I65)),"Khoa Tâm lý - Giáo dục - Công tác Xã hội, Trường ĐHSP" ) -> #NAME? | K65: =VLOOKUP(J65,'Bảng Đơn vị'!$A$2:$B$10,2,1) -> #NAME? | L65: 45730 | M65: 2025
A66: 65 | B66: Thiết kế, tổ chức hoạt động trải nghiệm STEM chủ đề “Ứng dụng công nghệ vào nông nghiệp” trong dạy học chuyên đề “Mở đầu về điện tử học” – Vật lí 11 | C66: =IF(B66<>"",B66,C65) -> Thiết kế, tổ chức hoạt động trải nghiệm STEM chủ đề “Ứng dụng công nghệ vào nông nghiệp” trong dạy học chuyên đề “Mở đầu về điện tử học” – Vật lí 11 | D66: Ngô Thanh Trúc | E66: 3130122054 | F66: 22SVL | G66: TS. Phùng Việt Hải | I66: KHOA VẬT LÝ (21 đề tài) | J66: =IFS( ISNUMBER(SEARCH("toán",I66)),"Khoa Toán - Tin, Trường ĐHSP", ISNUMBER(SEARCH("tin",I66)),"Khoa Toán - Tin, Trường ĐHSP", ISNUMBER(SEARCH("lý",I66)),"Khoa Lý - Hóa, Trường ĐHSP", ISNUMBER(SEARCH("hóa",I66)),"Khoa Lý - Hóa, Trường ĐHSP", ISNUMBER(SEARCH("ngữ văn",I66)),"Khoa Ngữ văn - Truyền thông, Trường ĐHSP", ISNUMBER(SEARCH("sử",I66)),"Khoa Sử - Địa - Chính trị, Trường ĐHSP", ISNUMBER(SEARCH("địa",I66)),"Khoa Sử - Địa - Chính trị, Trường ĐHSP", ISNUMBER(SEARCH("chính trị",I66)),"Khoa Sử - Địa - Chính trị, Trường ĐHSP", ISNUMBER(SEARCH("sinh",I66)),"Khoa Sinh - Nông nghiệp - Môi trường, Trường ĐHSP", ISNUMBER(SEARCH("tiểu học",I66)),"Khoa Giáo dục Tiểu học - Mầm non, Trường ĐHSP", ISNUMBER(SEARCH("mầm non",I66)),"Khoa Giáo dục Tiểu học - Mầm non, Trường ĐHSP", ISNUMBER(SEARCH("nghệ thuật",I66)),"Khoa Giáo dục Nghệ thuật - Thể chất, Trường ĐHSP", ISNUMBER(SEARCH("tâm lý",I66)),"Khoa Tâm lý - Giáo dục - Công tác Xã hội, Trường ĐHSP" ) -> #NAME? | K66: =VLOOKUP(J66,'Bảng Đơn vị'!$A$2:$B$10,2,1) -> #NAME? | L66: 45731 | M66: 2025
A67: 66 | C67: =IF(B67<>"",B67,C66) -> Thiết kế, tổ chức hoạt động trải nghiệm STEM chủ đề “Ứng dụng công nghệ vào nông nghiệp” trong dạy học chuyên đề “Mở đầu về điện tử học” – Vật lí 11 | D67: Võ Ngọc Mai Thy | E67: 3130123024 | F67: 23SVL | I67: KHOA VẬT LÝ (21 đề tài) | J67: =IFS( ISNUMBER(SEARCH("toán",I67)),"Khoa Toán - Tin, Trường ĐHSP", ISNUMBER(SEARCH("tin",I67)),"Khoa Toán - Tin, Trường ĐHSP", ISNUMBER(SEARCH("lý",I67)),"Khoa Lý - Hóa, Trường ĐHSP", ISNUMBER(SEARCH("hóa",I67)),"Khoa Lý - Hóa, Trường ĐHSP", ISNUMBER(SEARCH("ngữ văn",I67)),"Khoa Ngữ văn - Truyền thông, Trường ĐHSP", ISNUMBER(SEARCH("sử",I67)),"Khoa Sử - Địa - Chính trị, Trường ĐHSP", ISNUMBER(SEARCH("địa",I67)),"Khoa Sử - Địa - Chính trị, Trường ĐHSP", ISNUMBER(SEARCH("chính trị",I67)),"Khoa Sử - Địa - Chính trị, Trường ĐHSP", ISNUMBER(SEARCH("sinh",I67)),"Khoa Sinh - Nông nghiệp - Môi trường, Trường ĐHSP", ISNUMBER(SEARCH("tiểu học",I67)),"Khoa Giáo dục Tiểu học - Mầm non, Trường ĐHSP", ISNUMBER(SEARCH("mầm non",I67)),"Khoa Giáo dục Tiểu học - Mầm non, Trường ĐHSP", ISNUMBER(SEARCH("nghệ thuật",I67)),"Khoa Giáo dục Nghệ thuật - Thể chất, Trường ĐHSP", ISNUMBER(SEARCH("tâm lý",I67)),"Khoa Tâm lý - Giáo dục - Công tác Xã hội, Trường ĐHSP" ) -> #NAME? | K67: =VLOOKUP(J67,'Bảng Đơn vị'!$A$2:$B$10,2,1) -> #NAME? | L67: 45732 | M67: 2025
A68: 67 | C68: =IF(B68<>"",B68,C67) -> Thiết kế, tổ chức hoạt động trải nghiệm STEM chủ đề “Ứng dụng công nghệ vào nông nghiệp” trong dạy học chuyên đề “Mở đầu về điện tử học” – Vật lí 11 | D68: Trần Huỳnh Mỹ Thuận | E68: 3130123021 | F68: 23SVL | I68: KHOA VẬT LÝ (21 đề tài) | J68: =IFS( ISNUMBER(SEARCH("toán",I68)),"Khoa Toán - Tin, Trường ĐHSP", ISNUMBER(SEARCH("tin",I68)),"Khoa Toán - Tin, Trường ĐHSP", ISNUMBER(SEARCH("lý",I68)),"Khoa Lý - Hóa, Trường ĐHSP", ISNUMBER(SEARCH("hóa",I68)),"Khoa Lý - Hóa, Trường ĐHSP", ISNUMBER(SEARCH("ngữ văn",I68)),"Khoa Ngữ văn - Truyền thông, Trường ĐHSP", ISNUMBER(SEARCH("sử",I68)),"Khoa Sử - Địa - Chính trị, Trường ĐHSP", ISNUMBER(SEARCH("địa",I68)),"Khoa Sử - Địa - Chính trị, Trường ĐHSP", ISNUMBER(SEARCH("chính trị",I68)),"Khoa Sử - Địa - Chính trị, Trường ĐHSP", ISNUMBER(SEARCH("sinh",I68)),"Khoa Sinh - Nông nghiệp - Môi trường, Trường ĐHSP", ISNUMBER(SEARCH("tiểu học",I68)),"Khoa Giáo dục Tiểu học - Mầm non, Trường ĐHSP", ISNUMBER(SEARCH("mầm non",I68)),"Khoa Giáo dục Tiểu học - Mầm non, Trường ĐHSP", ISNUMBER(SEARCH("nghệ thuật",I68)),"Khoa Giáo dục Nghệ thuật - Thể chất, Trường ĐHSP", ISNUMBER(SEARCH("tâm lý",I68)),"Khoa Tâm lý - Giáo dục - Công tác Xã hội, Trường ĐHSP" ) -> #NAME? | K68: =VLOOKUP(J68,'Bảng Đơn vị'!$A$2:$B$10,2,1) -> #NAME? | L68: 45733 | M68: 2025
A69: 68 | C69: =IF(B69<>"",B69,C68) -> Thiết kế, tổ chức hoạt động trải nghiệm STEM chủ đề “Ứng dụng công nghệ vào nông nghiệp” trong dạy học chuyên đề “Mở đầu về điện tử học” – Vật lí 11 | D69: Lê Quốc Anh | E69: 3130123001 | F69: 23SVL | I69: KHOA VẬT LÝ (21 đề tài) | J69: =IFS( ISNUMBER(SEARCH("toán",I69)),"Khoa Toán - Tin, Trường ĐHSP", ISNUMBER(SEARCH("tin",I69)),"Khoa Toán - Tin, Trường ĐHSP", ISNUMBER(SEARCH("lý",I69)),"Khoa Lý - Hóa, Trường ĐHSP", ISNUMBER(SEARCH("hóa",I69)),"Khoa Lý - Hóa, Trường ĐHSP", ISNUMBER(SEARCH("ngữ văn",I69)),"Khoa Ngữ văn - Truyền thông, Trường ĐHSP", ISNUMBER(SEARCH("sử",I69)),"Khoa Sử - Địa - Chính trị, Trường ĐHSP", ISNUMBER(SEARCH("địa",I69)),"Khoa Sử - Địa - Chính trị, Trường ĐHSP", ISNUMBER(SEARCH("chính trị",I69)),"Khoa Sử - Địa - Chính trị, Trường ĐHSP", ISNUMBER(SEARCH("sinh",I69)),"Khoa Sinh - Nông nghiệp - Môi trường, Trường ĐHSP", ISNUMBER(SEARCH("tiểu học",I69)),"Khoa Giáo dục Tiểu học - Mầm non, Trường ĐHSP", ISNUMBER(SEARCH("mầm non",I69)),"Khoa Giáo dục Tiểu học - Mầm non, Trường ĐHSP", ISNUMBER(SEARCH("nghệ thuật",I69)),"Khoa Giáo dục Nghệ thuật - Thể chất, Trường ĐHSP", ISNUMBER(SEARCH("tâm lý",I69)),"Khoa Tâm lý - Giáo dục - Công tác Xã hội, Trường ĐHSP" ) -> #NAME? | K69: =VLOOKUP(J69,'Bảng Đơn vị'!$A$2:$B$10,2,1) -> #NAME? | L69: 45734 | M69: 2025
A70: 69 | C70: =IF(B70<>"",B70,C69) -> Thiết kế, tổ chức hoạt động trải nghiệm STEM chủ đề “Ứng dụng công nghệ vào nông nghiệp” trong dạy học chuyên đề “Mở đầu về điện tử học” – Vật lí 11 | D70: Trương Văn Minh | E70: 3130121097 | F70: 21SVL1 | I70: KHOA VẬT LÝ (21 đề tài) | J70: =IFS( ISNUMBER(SEARCH("toán",I70)),"Khoa Toán - Tin, Trường ĐHSP", ISNUMBER(SEARCH("tin",I70)),"Khoa Toán - Tin, Trường ĐHSP", ISNUMBER(SEARCH("lý",I70)),"Khoa Lý - Hóa, Trường ĐHSP", ISNUMBER(SEARCH("hóa",I70)),"Khoa Lý - Hóa, Trường ĐHSP", ISNUMBER(SEARCH("ngữ văn",I70)),"Khoa Ngữ văn - Truyền thông, Trường ĐHSP", ISNUMBER(SEARCH("sử",I70)),"Khoa Sử - Địa - Chính trị, Trường ĐHSP", ISNUMBER(SEARCH("địa",I70)),"Khoa Sử - Địa - Chính trị, Trường ĐHSP", ISNUMBER(SEARCH("chính trị",I70)),"Khoa Sử - Địa - Chính trị, Trường ĐHSP", ISNUMBER(SEARCH("sinh",I70)),"Khoa Sinh - Nông nghiệp - Môi trường, Trường ĐHSP", ISNUMBER(SEARCH("tiểu học",I70)),"Khoa Giáo dục Tiểu học - Mầm non, Trường ĐHSP", ISNUMBER(SEARCH("mầm non",I70)),"Khoa Giáo dục Tiểu học - Mầm non, Trường ĐHSP", ISNUMBER(SEARCH("nghệ thuật",I70)),"Khoa Giáo dục Nghệ thuật - Thể chất, Trường ĐHSP", ISNUMBER(SEARCH("tâm lý",I70)),"Khoa Tâm lý - Giáo dục - Công tác Xã hội, Trường ĐHSP" ) -> #NAME? | K70: =VLOOKUP(J70,'Bảng Đơn vị'!$A$2:$B$10,2,1) -> #NAME? | L70: 45735 | M70: 2025
A71: 70 | B71: Nghiên cứu, ứng dụng công nghệ thực tế ảo tăng cường (AR) trong dạy học môn Khoa học tự nhiên hướng phát triển năng lực khoa học tự nhiên cho học sinh | C71: =IF(B71<>"",B71,C70) -> Nghiên cứu, ứng dụng công nghệ thực tế ảo tăng cường (AR) trong dạy học môn Khoa học tự nhiên hướng phát triển năng lực khoa học tự nhiên cho học sinh | D71: Trần Thị Kiều Trinh | E71: 3140722114 | F71: 22SKT2 | G71: TS. Phùng Việt Hải | I71: KHOA VẬT LÝ (21 đề tài) | J71: =IFS( ISNUMBER(SEARCH("toán",I71)),"Khoa Toán - Tin, Trường ĐHSP", ISNUMBER(SEARCH("tin",I71)),"Khoa Toán - Tin, Trường ĐHSP", ISNUMBER(SEARCH("lý",I71)),"Khoa Lý - Hóa, Trường ĐHSP", ISNUMBER(SEARCH("hóa",I71)),"Khoa Lý - Hóa, Trường ĐHSP", ISNUMBER(SEARCH("ngữ văn",I71)),"Khoa Ngữ văn - Truyền thông, Trường ĐHSP", ISNUMBER(SEARCH("sử",I71)),"Khoa Sử - Địa - Chính trị, Trường ĐHSP", ISNUMBER(SEARCH("địa",I71)),"Khoa Sử - Địa - Chính trị, Trường ĐHSP", ISNUMBER(SEARCH("chính trị",I71)),"Khoa Sử - Địa - Chính trị, Trường ĐHSP", ISNUMBER(SEARCH("sinh",I71)),"Khoa Sinh - Nông nghiệp - Môi trường, Trường ĐHSP", ISNUMBER(SEARCH("tiểu học",I71)),"Khoa Giáo dục Tiểu học - Mầm non, Trường ĐHSP", ISNUMBER(SEARCH("mầm non",I71)),"Khoa Giáo dục Tiểu học - Mầm non, Trường ĐHSP", ISNUMBER(SEARCH("nghệ thuật",I71)),"Khoa Giáo dục Nghệ thuật - Thể chất, Trường ĐHSP", ISNUMBER(SEARCH("tâm lý",I71)),"Khoa Tâm lý - Giáo dục - Công tác Xã hội, Trường ĐHSP" ) -> #NAME? | K71: =VLOOKUP(J71,'Bảng Đơn vị'!$A$2:$B$10,2,1) -> #NAME? | L71: 45736 | M71: 2025
A72: 71 | C72: =IF(B72<>"",B72,C71) -> Nghiên cứu, ứng dụng công nghệ thực tế ảo tăng cường (AR) trong dạy học môn Khoa học tự nhiên hướng phát triển năng lực khoa học tự nhiên cho học sinh | D72: Mai Thị Mỹ Châu | E72: 3140722008 | F72: 22SKT2 | I72: KHOA VẬT LÝ (21 đề tài) | J72: =IFS( ISNUMBER(SEARCH("toán",I72)),"Khoa Toán - Tin, Trường ĐHSP", ISNUMBER(SEARCH("tin",I72)),"Khoa Toán - Tin, Trường ĐHSP", ISNUMBER(SEARCH("lý",I72)),"Khoa Lý - Hóa, Trường ĐHSP", ISNUMBER(SEARCH("hóa",I72)),"Khoa Lý - Hóa, Trường ĐHSP", ISNUMBER(SEARCH("ngữ văn",I72)),"Khoa Ngữ văn - Truyền thông, Trường ĐHSP", ISNUMBER(SEARCH("sử",I72)),"Khoa Sử - Địa - Chính trị, Trường ĐHSP", ISNUMBER(SEARCH("địa",I72)),"Khoa Sử - Địa - Chính trị, Trường ĐHSP", ISNUMBER(SEARCH("chính trị",I72)),"Khoa Sử - Địa - Chính trị, Trường ĐHSP", ISNUMBER(SEARCH("sinh",I72)),"Khoa Sinh - Nông nghiệp - Môi trường, Trường ĐHSP", ISNUMBER(SEARCH("tiểu học",I72)),"Khoa Giáo dục Tiểu học - Mầm non, Trường ĐHSP", ISNUMBER(SEARCH("mầm non",I72)),"Khoa Giáo dục Tiểu học - Mầm non, Trường ĐHSP", ISNUMBER(SEARCH("nghệ thuật",I72)),"Khoa Giáo dục Nghệ thuật - Thể chất, Trường ĐHSP", ISNUMBER(SEARCH("tâm lý",I72)),"Khoa Tâm lý - Giáo dục - Công tác Xã hội, Trường ĐHSP" ) -> #NAME? | K72: =VLOOKUP(J72,'Bảng Đơn vị'!$A$2:$B$10,2,1) -> #NAME? | L72: 45737 | M72: 2025
A73: 72 | C73: =IF(B73<>"",B73,C72) -> Nghiên cứu, ứng dụng công nghệ thực tế ảo tăng cường (AR) trong dạy học môn Khoa học tự nhiên hướng phát triển năng lực khoa học tự nhiên cho học sinh | D73: Trương Ngọc Thảo | E73: 3140722090 | F73: 22SKT2 | I73: KHOA VẬT LÝ (21 đề tài) | J73: =IFS( ISNUMBER(SEARCH("toán",I73)),"Khoa Toán - Tin, Trường ĐHSP", ISNUMBER(SEARCH("tin",I73)),"Khoa Toán - Tin, Trường ĐHSP", ISNUMBER(SEARCH("lý",I73)),"Khoa Lý - Hóa, Trường ĐHSP", ISNUMBER(SEARCH("hóa",I73)),"Khoa Lý - Hóa, Trường ĐHSP", ISNUMBER(SEARCH("ngữ văn",I73)),"Khoa Ngữ văn - Truyền thông, Trường ĐHSP", ISNUMBER(SEARCH("sử",I73)),"Khoa Sử - Địa - Chính trị, Trường ĐHSP", ISNUMBER(SEARCH("địa",I73)),"Khoa Sử - Địa - Chính trị, Trường ĐHSP", ISNUMBER(SEARCH("chính trị",I73)),"Khoa Sử - Địa - Chính trị, Trường ĐHSP", ISNUMBER(SEARCH("sinh",I73)),"Khoa Sinh - Nông nghiệp - Môi trường, Trường ĐHSP", ISNUMBER(SEARCH("tiểu học",I73)),"Khoa Giáo dục Tiểu học - Mầm non, Trường ĐHSP", ISNUMBER(SEARCH("mầm non",I73)),"Khoa Giáo dục Tiểu học - Mầm non, Trường ĐHSP", ISNUMBER(SEARCH("nghệ thuật",I73)),"Khoa Giáo dục Nghệ thuật - Thể chất, Trường ĐHSP", ISNUMBER(SEARCH("tâm lý",I73)),"Khoa Tâm lý - Giáo dục - Công tác Xã hội, Trường ĐHSP" ) -> #NAME? | K73: =VLOOKUP(J73,'Bảng Đơn vị'!$A$2:$B$10,2,1) -> #NAME? | L73: 45738 | M73: 2025
A74: 73 | C74: =IF(B74<>"",B74,C73) -> Nghiên cứu, ứng dụng công nghệ thực tế ảo tăng cường (AR) trong dạy học môn Khoa học tự nhiên hướng phát triển năng lực khoa học tự nhiên cho học sinh | D74: Võ Xuân Hương | E74: 3140722034 | F74: 22SKT2 | I74: KHOA VẬT LÝ (21 đề tài) | J74: =IFS( ISNUMBER(SEARCH("toán",I74)),"Khoa Toán - Tin, Trường ĐHSP", ISNUMBER(SEARCH("tin",I74)),"Khoa Toán - Tin, Trường ĐHSP", ISNUMBER(SEARCH("lý",I74)),"Khoa Lý - Hóa, Trường ĐHSP", ISNUMBER(SEARCH("hóa",I74)),"Khoa Lý - Hóa, Trường ĐHSP", ISNUMBER(SEARCH("ngữ văn",I74)),"Khoa Ngữ văn - Truyền thông, Trường ĐHSP", ISNUMBER(SEARCH("sử",I74)),"Khoa Sử - Địa - Chính trị, Trường ĐHSP", ISNUMBER(SEARCH("địa",I74)),"Khoa Sử - Địa - Chính trị, Trường ĐHSP", ISNUMBER(SEARCH("chính trị",I74)),"Khoa Sử - Địa - Chính trị, Trường ĐHSP", ISNUMBER(SEARCH("sinh",I74)),"Khoa Sinh - Nông nghiệp - Môi trường, Trường ĐHSP", ISNUMBER(SEARCH("tiểu học",I74)),"Khoa Giáo dục Tiểu học - Mầm non, Trường ĐHSP", ISNUMBER(SEARCH("mầm non",I74)),"Khoa Giáo dục Tiểu học - Mầm non, Trường ĐHSP", ISNUMBER(SEARCH("nghệ thuật",I74)),"Khoa Giáo dục Nghệ thuật - Thể chất, Trường ĐHSP", ISNUMBER(SEARCH("tâm lý",I74)),"Khoa Tâm lý - Giáo dục - Công tác Xã hội, Trường ĐHSP" ) -> #NAME? | K74: =VLOOKUP(J74,'Bảng Đơn vị'!$A$2:$B$10,2,1) -> #NAME? | L74: 45739 | M74: 2025
A75: 74 | C75: =IF(B75<>"",B75,C74) -> Nghiên cứu, ứng dụng công nghệ thực tế ảo tăng cường (AR) trong dạy học môn Khoa học tự nhiên hướng phát triển năng lực khoa học tự nhiên cho học sinh | D75: Nguyễn Thị Thanh Hà | E75: 3140722022 | F75: 22SKT2 | I75: KHOA VẬT LÝ (21 đề tài) | J75: =IFS( ISNUMBER(SEARCH("toán",I75)),"Khoa Toán - Tin, Trường ĐHSP", ISNUMBER(SEARCH("tin",I75)),"Khoa Toán - Tin, Trường ĐHSP", ISNUMBER(SEARCH("lý",I75)),"Khoa Lý - Hóa, Trường ĐHSP", ISNUMBER(SEARCH("hóa",I75)),"Khoa Lý - Hóa, Trường ĐHSP", ISNUMBER(SEARCH("ngữ văn",I75)),"Khoa Ngữ văn - Truyền thông, Trường ĐHSP", ISNUMBER(SEARCH("sử",I75)),"Khoa Sử - Địa - Chính trị, Trường ĐHSP", ISNUMBER(SEARCH("địa",I75)),"Khoa Sử - Địa - Chính trị, Trường ĐHSP", ISNUMBER(SEARCH("chính trị",I75)),"Khoa Sử - Địa - Chính trị, Trường ĐHSP", ISNUMBER(SEARCH("sinh",I75)),"Khoa Sinh - Nông nghiệp - Môi trường, Trường ĐHSP", ISNUMBER(SEARCH("tiểu học",I75)),"Khoa Giáo dục Tiểu học - Mầm non, Trường ĐHSP", ISNUMBER(SEARCH("mầm non",I75)),"Khoa Giáo dục Tiểu học - Mầm non, Trường ĐHSP", ISNUMBER(SEARCH("nghệ thuật",I75)),"Khoa Giáo dục Nghệ thuật - Thể chất, Trường ĐHSP", ISNUMBER(SEARCH("tâm lý",I75)),"Khoa Tâm lý - Giáo dục - Công tác Xã hội, Trường ĐHSP" ) -> #NAME? | K75: =VLOOKUP(J75,'Bảng Đơn vị'!$A$2:$B$10,2,1) -> #NAME? | L75: 45740 | M75: 2025
A76: 75 | B76: Thiết kế tài liệu giáo khoa điện tử dành cho học sinh khiếm thị trong học môn KHTN lớp 9 | C76: =IF(B76<>"",B76,C75) -> Thiết kế tài liệu giáo khoa điện tử dành cho học sinh khiếm thị trong học môn KHTN lớp 9 | D76: Nguyễn Thị Thuỳ Linh | E76: 3140722044 | F76: 22SKT2 | G76: TS. Lê Thanh Huy | I76: KHOA VẬT LÝ (21 đề tài) | J76: =IFS( ISNUMBER(SEARCH("toán",I76)),"Khoa Toán - Tin, Trường ĐHSP", ISNUMBER(SEARCH("tin",I76)),"Khoa Toán - Tin, Trường ĐHSP", ISNUMBER(SEARCH("lý",I76)),"Khoa Lý - Hóa, Trường ĐHSP", ISNUMBER(SEARCH("hóa",I76)),"Khoa Lý - Hóa, Trường ĐHSP", ISNUMBER(SEARCH("ngữ văn",I76)),"Khoa Ngữ văn - Truyền thông, Trường ĐHSP", ISNUMBER(SEARCH("sử",I76)),"Khoa Sử - Địa - Chính trị, Trường ĐHSP", ISNUMBER(SEARCH("địa",I76)),"Khoa Sử - Địa - Chính trị, Trường ĐHSP", ISNUMBER(SEARCH("chính trị",I76)),"Khoa Sử - Địa - Chính trị, Trường ĐHSP", ISNUMBER(SEARCH("sinh",I76)),"Khoa Sinh - Nông nghiệp - Môi trường, Trường ĐHSP", ISNUMBER(SEARCH("tiểu học",I76)),"Khoa Giáo dục Tiểu học - Mầm non, Trường ĐHSP", ISNUMBER(SEARCH("mầm non",I76)),"Khoa Giáo dục Tiểu học - Mầm non, Trường ĐHSP", ISNUMBER(SEARCH("nghệ thuật",I76)),"Khoa Giáo dục Nghệ thuật - Thể chất, Trường ĐHSP", ISNUMBER(SEARCH("tâm lý",I76)),"Khoa Tâm lý - Giáo dục - Công tác Xã hội, Trường ĐHSP" ) -> #NAME? | K76: =VLOOKUP(J76,'Bảng Đơn vị'!$A$2:$B$10,2,1) -> #NAME? | L76: 45741 | M76: 2025
A77: 76 | C77: =IF(B77<>"",B77,C76) -> Thiết kế tài liệu giáo khoa điện tử dành cho học sinh khiếm thị trong học môn KHTN lớp 9 | D77: Nguyễn Thuỵ Thảo Vy | E77: 3140722120 | F77: 22SKT1 | I77: KHOA VẬT LÝ (21 đề tài) | J77: =IFS( ISNUMBER(SEARCH("toán",I77)),"Khoa Toán - Tin, Trường ĐHSP", ISNUMBER(SEARCH("tin",I77)),"Khoa Toán - Tin, Trường ĐHSP", ISNUMBER(SEARCH("lý",I77)),"Khoa Lý - Hóa, Trường ĐHSP", ISNUMBER(SEARCH("hóa",I77)),"Khoa Lý - Hóa, Trường ĐHSP", ISNUMBER(SEARCH("ngữ văn",I77)),"Khoa Ngữ văn - Truyền thông, Trường ĐHSP", ISNUMBER(SEARCH("sử",I77)),"Khoa Sử - Địa - Chính trị, Trường ĐHSP", ISNUMBER(SEARCH("địa",I77)),"Khoa Sử - Địa - Chính trị, Trường ĐHSP", ISNUMBER(SEARCH("chính trị",I77)),"Khoa Sử - Địa - Chính trị, Trường ĐHSP", ISNUMBER(SEARCH("sinh",I77)),"Khoa Sinh - Nông nghiệp - Môi trường, Trường ĐHSP", ISNUMBER(SEARCH("tiểu học",I77)),"Khoa Giáo dục Tiểu học - Mầm non, Trường ĐHSP", ISNUMBER(SEARCH("mầm non",I77)),"Khoa Giáo dục Tiểu học - Mầm non, Trường ĐHSP", ISNUMBER(SEARCH("nghệ thuật",I77)),"Khoa Giáo dục Nghệ thuật - Thể chất, Trường ĐHSP", ISNUMBER(SEARCH("tâm lý",I77)),"Khoa Tâm lý - Giáo dục - Công tác Xã hội, Trường ĐHSP" ) -> #NAME? | K77: =VLOOKUP(J77,'Bảng Đơn vị'!$A$2:$B$10,2,1) -> #NAME? | L77: 45742 | M77: 2025
A78: 77 | C78: =IF(B78<>"",B78,C77) -> Thiết kế tài liệu giáo khoa điện tử dành cho học sinh khiếm thị trong học môn KHTN lớp 9 | D78: Nguyễn Thị Hoàng Uyên | E78: 3140722118 | F78: 22SKT1 | I78: KHOA VẬT LÝ (21 đề tài) | J78: =IFS( ISNUMBER(SEARCH("toán",I78)),"Khoa Toán - Tin, Trường ĐHSP", ISNUMBER(SEARCH("tin",I78)),"Khoa Toán - Tin, Trường ĐHSP", ISNUMBER(SEARCH("lý",I78)),"Khoa Lý - Hóa, Trường ĐHSP", ISNUMBER(SEARCH("hóa",I78)),"Khoa Lý - Hóa, Trường ĐHSP", ISNUMBER(SEARCH("ngữ văn",I78)),"Khoa Ngữ văn - Truyền thông, Trường ĐHSP", ISNUMBER(SEARCH("sử",I78)),"Khoa Sử - Địa - Chính trị, Trường ĐHSP", ISNUMBER(SEARCH("địa",I78)),"Khoa Sử - Địa - Chính trị, Trường ĐHSP", ISNUMBER(SEARCH("chính trị",I78)),"Khoa Sử - Địa - Chính trị, Trường ĐHSP", ISNUMBER(SEARCH("sinh",I78)),"Khoa Sinh - Nông nghiệp - Môi trường, Trường ĐHSP", ISNUMBER(SEARCH("tiểu học",I78)),"Khoa Giáo dục Tiểu học - Mầm non, Trường ĐHSP", ISNUMBER(SEARCH("mầm non",I78)),"Khoa Giáo dục Tiểu học - Mầm non, Trường ĐHSP", ISNUMBER(SEARCH("nghệ thuật",I78)),"Khoa Giáo dục Nghệ thuật - Thể chất, Trường ĐHSP", ISNUMBER(SEARCH("tâm lý",I78)),"Khoa Tâm lý - Giáo dục - Công tác Xã hội, Trường ĐHSP" ) -> #NAME? | K78: =VLOOKUP(J78,'Bảng Đơn vị'!$A$2:$B$10,2,1) -> #NAME? | L78: 45743 | M78: 2025
A79: 78 | B79: Chế tạo gậy thông minh dành cho người khiếm thị | C79: =IF(B79<>"",B79,C78) -> Chế tạo gậy thông minh dành cho người khiếm thị | D79: Huỳnh Thị Thủy Thuận | E79: 3130122049 3130122020 3130122033 3130122056 | F79: 22SVL | G79: TS. Lê Thanh Huy | I79: KHOA VẬT LÝ (21 đề tài) | J79: =IFS( ISNUMBER(SEARCH("toán",I79)),"Khoa Toán - Tin, Trường ĐHSP", ISNUMBER(SEARCH("tin",I79)),"Khoa Toán - Tin, Trường ĐHSP", ISNUMBER(SEARCH("lý",I79)),"Khoa Lý - Hóa, Trường ĐHSP", ISNUMBER(SEARCH("hóa",I79)),"Khoa Lý - Hóa, Trường ĐHSP", ISNUMBER(SEARCH("ngữ văn",I79)),"Khoa Ngữ văn - Truyền thông, Trường ĐHSP", ISNUMBER(SEARCH("sử",I79)),"Khoa Sử - Địa - Chính trị, Trường ĐHSP", ISNUMBER(SEARCH("địa",I79)),"Khoa Sử - Địa - Chính trị, Trường ĐHSP", ISNUMBER(SEARCH("chính trị",I79)),"Khoa Sử - Địa - Chính trị, Trường ĐHSP", ISNUMBER(SEARCH("sinh",I79)),"Khoa Sinh - Nông nghiệp - Môi trường, Trường ĐHSP", ISNUMBER(SEARCH("tiểu học",I79)),"Khoa Giáo dục Tiểu học - Mầm non, Trường ĐHSP", ISNUMBER(SEARCH("mầm non",I79)),"Khoa Giáo dục Tiểu học - Mầm non, Trường ĐHSP", ISNUMBER(SEARCH("nghệ thuật",I79)),"Khoa Giáo dục Nghệ thuật - Thể chất, Trường ĐHSP", ISNUMBER(SEARCH("tâm lý",I79)),"Khoa Tâm lý - Giáo dục - Công tác Xã hội, Trường ĐHSP" ) -> #NAME? | K79: =VLOOKUP(J79,'Bảng Đơn vị'!$A$2:$B$10,2,1) -> #NAME? | L79: 45744 | M79: 2025
A80: 79 | C80: =IF(B80<>"",B80,C79) -> Chế tạo gậy thông minh dành cho người khiếm thị | D80: Võ Thị Quý Hoài | I80: KHOA VẬT LÝ (21 đề tài) | J80: =IFS( ISNUMBER(SEARCH("toán",I80)),"Khoa Toán - Tin, Trường ĐHSP", ISNUMBER(SEARCH("tin",I80)),"Khoa Toán - Tin, Trường ĐHSP", ISNUMBER(SEARCH("lý",I80)),"Khoa Lý - Hóa, Trường ĐHSP", ISNUMBER(SEARCH("hóa",I80)),"Khoa Lý - Hóa, Trường ĐHSP", ISNUMBER(SEARCH("ngữ văn",I80)),"Khoa Ngữ văn - Truyền thông, Trường ĐHSP", ISNUMBER(SEARCH("sử",I80)),"Khoa Sử - Địa - Chính trị, Trường ĐHSP", ISNUMBER(SEARCH("địa",I80)),"Khoa Sử - Địa - Chính trị, Trường ĐHSP", ISNUMBER(SEARCH("chính trị",I80)),"Khoa Sử - Địa - Chính trị, Trường ĐHSP", ISNUMBER(SEARCH("sinh",I80)),"Khoa Sinh - Nông nghiệp - Môi trường, Trường ĐHSP", ISNUMBER(SEARCH("tiểu học",I80)),"Khoa Giáo dục Tiểu học - Mầm non, Trường ĐHSP", ISNUMBER(SEARCH("mầm non",I80)),"Khoa Giáo dục Tiểu học - Mầm non, Trường ĐHSP", ISNUMBER(SEARCH("nghệ thuật",I80)),"Khoa Giáo dục Nghệ thuật - Thể chất, Trường ĐHSP", ISNUMBER(SEARCH("tâm lý",I80)),"Khoa Tâm lý - Giáo dục - Công tác Xã hội, Trường ĐHSP" ) -> #NAME? | K80: =VLOOKUP(J80,'Bảng Đơn vị'!$A$2:$B$10,2,1) -> #NAME? | L80: 45745 | M80: 2025
A81: 80 | C81: =IF(B81<>"",B81,C80) -> Chế tạo gậy thông minh dành cho người khiếm thị | D81: Nguyễn Lương Lợi | I81: KHOA VẬT LÝ (21 đề tài) | J81: =IFS( ISNUMBER(SEARCH("toán",I81)),"Khoa Toán - Tin, Trường ĐHSP", ISNUMBER(SEARCH("tin",I81)),"Khoa Toán - Tin, Trường ĐHSP", ISNUMBER(SEARCH("lý",I81)),"Khoa Lý - Hóa, Trường ĐHSP", ISNUMBER(SEARCH("hóa",I81)),"Khoa Lý - Hóa, Trường ĐHSP", ISNUMBER(SEARCH("ngữ văn",I81)),"Khoa Ngữ văn - Truyền thông, Trường ĐHSP", ISNUMBER(SEARCH("sử",I81)),"Khoa Sử - Địa - Chính trị, Trường ĐHSP", ISNUMBER(SEARCH("địa",I81)),"Khoa Sử - Địa - Chính trị, Trường ĐHSP", ISNUMBER(SEARCH("chính trị",I81)),"Khoa Sử - Địa - Chính trị, Trường ĐHSP", ISNUMBER(SEARCH("sinh",I81)),"Khoa Sinh - Nông nghiệp - Môi trường, Trường ĐHSP", ISNUMBER(SEARCH("tiểu học",I81)),"Khoa Giáo dục Tiểu học - Mầm non, Trường ĐHSP", ISNUMBER(SEARCH("mầm non",I81)),"Khoa Giáo dục Tiểu học - Mầm non, Trường ĐHSP", ISNUMBER(SEARCH("nghệ thuật",I81)),"Khoa Giáo dục Nghệ thuật - Thể chất, Trường ĐHSP", ISNUMBER(SEARCH("tâm lý",I81)),"Khoa Tâm lý - Giáo dục - Công tác Xã hội, Trường ĐHSP" ) -> #NAME? | K81: =VLOOKUP(J81,'Bảng Đơn vị'!$A$2:$B$10,2,1) -> #NAME? | L81: 45746 | M81: 2025
A82: 81 | C82: =IF(B82<>"",B82,C81) -> Chế tạo gậy thông minh dành cho người khiếm thị | D82: Nguyễn Thị Thanh Tuyền | I82: KHOA VẬT LÝ (21 đề tài) | J82: =IFS( ISNUMBER(SEARCH("toán",I82)),"Khoa Toán - Tin, Trường ĐHSP", ISNUMBER(SEARCH("tin",I82)),"Khoa Toán - Tin, Trường ĐHSP", ISNUMBER(SEARCH("lý",I82)),"Khoa Lý - Hóa, Trường ĐHSP", ISNUMBER(SEARCH("hóa",I82)),"Khoa Lý - Hóa, Trường ĐHSP", ISNUMBER(SEARCH("ngữ văn",I82)),"Khoa Ngữ văn - Truyền thông, Trường ĐHSP", ISNUMBER(SEARCH("sử",I82)),"Khoa Sử - Địa - Chính trị, Trường ĐHSP", ISNUMBER(SEARCH("địa",I82)),"Khoa Sử - Địa - Chính trị, Trường ĐHSP", ISNUMBER(SEARCH("chính trị",I82)),"Khoa Sử - Địa - Chính trị, Trường ĐHSP", ISNUMBER(SEARCH("sinh",I82)),"Khoa Sinh - Nông nghiệp - Môi trường, Trường ĐHSP", ISNUMBER(SEARCH("tiểu học",I82)),"Khoa Giáo dục Tiểu học - Mầm non, Trường ĐHSP", ISNUMBER(SEARCH("mầm non",I82)),"Khoa Giáo dục Tiểu học - Mầm non, Trường ĐHSP", ISNUMBER(SEARCH("nghệ thuật",I82)),"Khoa Giáo dục Nghệ thuật - Thể chất, Trường ĐHSP", ISNUMBER(SEARCH("tâm lý",I82)),"Khoa Tâm lý - Giáo dục - Công tác Xã hội, Trường ĐHSP" ) -> #NAME? | K82: =VLOOKUP(J82,'Bảng Đơn vị'!$A$2:$B$10,2,1) -> #NAME? | L82: 45747 | M82: 2025
A83: 82 | B83: Xây dựng bài tập môn Khoa học tự nhiên 9 theo cấu trúc đề Trung học phổ thông Quốc gia năm 2025 nhằm đánh giá năng lực khoa học tự nhiên của học sinh | C83: =IF(B83<>"",B83,C82) -> Xây dựng bài tập môn Khoa học tự nhiên 9 theo cấu trúc đề Trung học phổ thông Quốc gia năm 2025 nhằm đánh giá năng lực khoa học tự nhiên của học sinh | D83: Nguyễn Thị Kim Anh | E83: 3140722005 | F83: 22SKT1 | G83: TS. Lê Thị Minh Phương | I83: KHOA VẬT LÝ (21 đề tài) | J83: =IFS( ISNUMBER(SEARCH("toán",I83)),"Khoa Toán - Tin, Trường ĐHSP", ISNUMBER(SEARCH("tin",I83)),"Khoa Toán - Tin, Trường ĐHSP", ISNUMBER(SEARCH("lý",I83)),"Khoa Lý - Hóa, Trường ĐHSP", ISNUMBER(SEARCH("hóa",I83)),"Khoa Lý - Hóa, Trường ĐHSP", ISNUMBER(SEARCH("ngữ văn",I83)),"Khoa Ngữ văn - Truyền thông, Trường ĐHSP", ISNUMBER(SEARCH("sử",I83)),"Khoa Sử - Địa - Chính trị, Trường ĐHSP", ISNUMBER(SEARCH("địa",I83)),"Khoa Sử - Địa - Chính trị, Trường ĐHSP", ISNUMBER(SEARCH("chính trị",I83)),"Khoa Sử - Địa - Chính trị, Trường ĐHSP", ISNUMBER(SEARCH("sinh",I83)),"Khoa Sinh - Nông nghiệp - Môi trường, Trường ĐHSP", ISNUMBER(SEARCH("tiểu học",I83)),"Khoa Giáo dục Tiểu học - Mầm non, Trường ĐHSP", ISNUMBER(SEARCH("mầm non",I83)),"Khoa Giáo dục Tiểu học - Mầm non, Trường ĐHSP", ISNUMBER(SEARCH("nghệ thuật",I83)),"Khoa Giáo dục Nghệ thuật - Thể chất, Trường ĐHSP", ISNUMBER(SEARCH("tâm lý",I83)),"Khoa Tâm lý - Giáo dục - Công tác Xã hội, Trường ĐHSP" ) -> #NAME? | K83: =VLOOKUP(J83,'Bảng Đơn vị'!$A$2:$B$10,2,1) -> #NAME? | L83: 45748 | M83: 2025
A84: 83 | C84: =IF(B84<>"",B84,C83) -> Xây dựng bài tập môn Khoa học tự nhiên 9 theo cấu trúc đề Trung học phổ thông Quốc gia năm 2025 nhằm đánh giá năng lực khoa học tự nhiên của học sinh | D84: Bùi Trần Minh Anh | E84: 3140722002 | F84: 22SKT1 | I84: KHOA VẬT LÝ (21 đề tài) | J84: =IFS( ISNUMBER(SEARCH("toán",I84)),"Khoa Toán - Tin, Trường ĐHSP", ISNUMBER(SEARCH("tin",I84)),"Khoa Toán - Tin, Trường ĐHSP", ISNUMBER(SEARCH("lý",I84)),"Khoa Lý - Hóa, Trường ĐHSP", ISNUMBER(SEARCH("hóa",I84)),"Khoa Lý - Hóa, Trường ĐHSP", ISNUMBER(SEARCH("ngữ văn",I84)),"Khoa Ngữ văn - Truyền thông, Trường ĐHSP", ISNUMBER(SEARCH("sử",I84)),"Khoa Sử - Địa - Chính trị, Trường ĐHSP", ISNUMBER(SEARCH("địa",I84)),"Khoa Sử - Địa - Chính trị, Trường ĐHSP", ISNUMBER(SEARCH("chính trị",I84)),"Khoa Sử - Địa - Chính trị, Trường ĐHSP", ISNUMBER(SEARCH("sinh",I84)),"Khoa Sinh - Nông nghiệp - Môi trường, Trường ĐHSP", ISNUMBER(SEARCH("tiểu học",I84)),"Khoa Giáo dục Tiểu học - Mầm non, Trường ĐHSP", ISNUMBER(SEARCH("mầm non",I84)),"Khoa Giáo dục Tiểu học - Mầm non, Trường ĐHSP", ISNUMBER(SEARCH("nghệ thuật",I84)),"Khoa Giáo dục Nghệ thuật - Thể chất, Trường ĐHSP", ISNUMBER(SEARCH("tâm lý",I84)),"Khoa Tâm lý - Giáo dục - Công tác Xã hội, Trường ĐHSP" ) -> #NAME? | K84: =VLOOKUP(J84,'Bảng Đơn vị'!$A$2:$B$10,2,1) -> #NAME? | L84: 45749 | M84: 2025
A85: 84 | C85: =IF(B85<>"",B85,C84) -> Xây dựng bài tập môn Khoa học tự nhiên 9 theo cấu trúc đề Trung học phổ thông Quốc gia năm 2025 nhằm đánh giá năng lực khoa học tự nhiên của học sinh | D85: Phạm Thị Ánh Nguyệt | E85: 3140722065 | F85: 22SKT1 | I85: KHOA VẬT LÝ (21 đề tài) | J85: =IFS( ISNUMBER(SEARCH("toán",I85)),"Khoa Toán - Tin, Trường ĐHSP", ISNUMBER(SEARCH("tin",I85)),"Khoa Toán - Tin, Trường ĐHSP", ISNUMBER(SEARCH("lý",I85)),"Khoa Lý - Hóa, Trường ĐHSP", ISNUMBER(SEARCH("hóa",I85)),"Khoa Lý - Hóa, Trường ĐHSP", ISNUMBER(SEARCH("ngữ văn",I85)),"Khoa Ngữ văn - Truyền thông, Trường ĐHSP", ISNUMBER(SEARCH("sử",I85)),"Khoa Sử - Địa - Chính trị, Trường ĐHSP", ISNUMBER(SEARCH("địa",I85)),"Khoa Sử - Địa - Chính trị, Trường ĐHSP", ISNUMBER(SEARCH("chính trị",I85)),"Khoa Sử - Địa - Chính trị, Trường ĐHSP", ISNUMBER(SEARCH("sinh",I85)),"Khoa Sinh - Nông nghiệp - Môi trường, Trường ĐHSP", ISNUMBER(SEARCH("tiểu học",I85)),"Khoa Giáo dục Tiểu học - Mầm non, Trường ĐHSP", ISNUMBER(SEARCH("mầm non",I85)),"Khoa Giáo dục Tiểu học - Mầm non, Trường ĐHSP", ISNUMBER(SEARCH("nghệ thuật",I85)),"Khoa Giáo dục Nghệ thuật - Thể chất, Trường ĐHSP", ISNUMBER(SEARCH("tâm lý",I85)),"Khoa Tâm lý - Giáo dục - Công tác Xã hội, Trường ĐHSP" ) -> #NAME? | K85: =VLOOKUP(J85,'Bảng Đơn vị'!$A$2:$B$10,2,1) -> #NAME? | L85: 45750 | M85: 2025
A86: 85 | C86: =IF(B86<>"",B86,C85) -> Xây dựng bài tập môn Khoa học tự nhiên 9 theo cấu trúc đề Trung học phổ thông Quốc gia năm 2025 nhằm đánh giá năng lực khoa học tự nhiên của học sinh | D86: Võ Thị Lan Oanh | E86: 3140722076 | F86: 22SKT1 | I86: KHOA VẬT LÝ (21 đề tài) | J86: =IFS( ISNUMBER(SEARCH("toán",I86)),"Khoa Toán - Tin, Trường ĐHSP", ISNUMBER(SEARCH("tin",I86)),"Khoa Toán - Tin, Trường ĐHSP", ISNUMBER(SEARCH("lý",I86)),"Khoa Lý - Hóa, Trường ĐHSP", ISNUMBER(SEARCH("hóa",I86)),"Khoa Lý - Hóa, Trường ĐHSP", ISNUMBER(SEARCH("ngữ văn",I86)),"Khoa Ngữ văn - Truyền thông, Trường ĐHSP", ISNUMBER(SEARCH("sử",I86)),"Khoa Sử - Địa - Chính trị, Trường ĐHSP", ISNUMBER(SEARCH("địa",I86)),"Khoa Sử - Địa - Chính trị, Trường ĐHSP", ISNUMBER(SEARCH("chính trị",I86)),"Khoa Sử - Địa - Chính trị, Trường ĐHSP", ISNUMBER(SEARCH("sinh",I86)),"Khoa Sinh - Nông nghiệp - Môi trường, Trường ĐHSP", ISNUMBER(SEARCH("tiểu học",I86)),"Khoa Giáo dục Tiểu học - Mầm non, Trường ĐHSP", ISNUMBER(SEARCH("mầm non",I86)),"Khoa Giáo dục Tiểu học - Mầm non, Trường ĐHSP", ISNUMBER(SEARCH("nghệ thuật",I86)),"Khoa Giáo dục Nghệ thuật - Thể chất, Trường ĐHSP", ISNUMBER(SEARCH("tâm lý",I86)),"Khoa Tâm lý - Giáo dục - Công tác Xã hội, Trường ĐHSP" ) -> #NAME? | K86: =VLOOKUP(J86,'Bảng Đơn vị'!$A$2:$B$10,2,1) -> #NAME? | L86: 45751 | M86: 2025
A87: 86 | C87: =IF(B87<>"",B87,C86) -> Xây dựng bài tập môn Khoa học tự nhiên 9 theo cấu trúc đề Trung học phổ thông Quốc gia năm 2025 nhằm đánh giá năng lực khoa học tự nhiên của học sinh | D87: Đặng Thị Kiều Trinh | E87: 3140722113 | F87: 22SKT2 | I87: KHOA VẬT LÝ (21 đề tài) | J87: =IFS( ISNUMBER(SEARCH("toán",I87)),"Khoa Toán - Tin, Trường ĐHSP", ISNUMBER(SEARCH("tin",I87)),"Khoa Toán - Tin, Trường ĐHSP", ISNUMBER(SEARCH("lý",I87)),"Khoa Lý - Hóa, Trường ĐHSP", ISNUMBER(SEARCH("hóa",I87)),"Khoa Lý - Hóa, Trường ĐHSP", ISNUMBER(SEARCH("ngữ văn",I87)),"Khoa Ngữ văn - Truyền thông, Trường ĐHSP", ISNUMBER(SEARCH("sử",I87)),"Khoa Sử - Địa - Chính trị, Trường ĐHSP", ISNUMBER(SEARCH("địa",I87)),"Khoa Sử - Địa - Chính trị, Trường ĐHSP", ISNUMBER(SEARCH("chính trị",I87)),"Khoa Sử - Địa - Chính trị, Trường ĐHSP", ISNUMBER(SEARCH("sinh",I87)),"Khoa Sinh - Nông nghiệp - Môi trường, Trường ĐHSP", ISNUMBER(SEARCH("tiểu học",I87)),"Khoa Giáo dục Tiểu học - Mầm non, Trường ĐHSP", ISNUMBER(SEARCH("mầm non",I87)),"Khoa Giáo dục Tiểu học - Mầm non, Trường ĐHSP", ISNUMBER(SEARCH("nghệ thuật",I87)),"Khoa Giáo dục Nghệ thuật - Thể chất, Trường ĐHSP", ISNUMBER(SEARCH("tâm lý",I87)),"Khoa Tâm lý - Giáo dục - Công tác Xã hội, Trường ĐHSP" ) -> #NAME? | K87: =VLOOKUP(J87,'Bảng Đơn vị'!$A$2:$B$10,2,1) -> #NAME? | L87: 45752 | M87: 2025
A88: 87 | B88: Chế tạo bè cứu hộ tự động phát tín hiệu GPS khi gặp nạn | C88: =IF(B88<>"",B88,C87) -> Chế tạo bè cứu hộ tự động phát tín hiệu GPS khi gặp nạn | D88: Phạm Diệu Hương | E88: 3130123008 3130123005 3130123026 3130123018 3130123019 | F88: 23SVL 23SVL 23SVL 23SVL 23SVL | G88: TS. Trần Quỳnh | I88: KHOA VẬT LÝ (21 đề tài) | J88: =IFS( ISNUMBER(SEARCH("toán",I88)),"Khoa Toán - Tin, Trường ĐHSP", ISNUMBER(SEARCH("tin",I88)),"Khoa Toán - Tin, Trường ĐHSP", ISNUMBER(SEARCH("lý",I88)),"Khoa Lý - Hóa, Trường ĐHSP", ISNUMBER(SEARCH("hóa",I88)),"Khoa Lý - Hóa, Trường ĐHSP", ISNUMBER(SEARCH("ngữ văn",I88)),"Khoa Ngữ văn - Truyền thông, Trường ĐHSP", ISNUMBER(SEARCH("sử",I88)),"Khoa Sử - Địa - Chính trị, Trường ĐHSP", ISNUMBER(SEARCH("địa",I88)),"Khoa Sử - Địa - Chính trị, Trường ĐHSP", ISNUMBER(SEARCH("chính trị",I88)),"Khoa Sử - Địa - Chính trị, Trường ĐHSP", ISNUMBER(SEARCH("sinh",I88)),"Khoa Sinh - Nông nghiệp - Môi trường, Trường ĐHSP", ISNUMBER(SEARCH("tiểu học",I88)),"Khoa Giáo dục Tiểu học - Mầm non, Trường ĐHSP", ISNUMBER(SEARCH("mầm non",I88)),"Khoa Giáo dục Tiểu học - Mầm non, Trường ĐHSP", ISNUMBER(SEARCH("nghệ thuật",I88)),"Khoa Giáo dục Nghệ thuật - Thể chất, Trường ĐHSP", ISNUMBER(SEARCH("tâm lý",I88)),"Khoa Tâm lý - Giáo dục - Công tác Xã hội, Trường ĐHSP" ) -> #NAME? | K88: =VLOOKUP(J88,'Bảng Đơn vị'!$A$2:$B$10,2,1) -> #NAME? | L88: 45753 | M88: 2025
A89: 88 | C89: =IF(B89<>"",B89,C88) -> Chế tạo bè cứu hộ tự động phát tín hiệu GPS khi gặp nạn | D89: Trương Thị Cẩm Giang | I89: KHOA VẬT LÝ (21 đề tài) | J89: =IFS( ISNUMBER(SEARCH("toán",I89)),"Khoa Toán - Tin, Trường ĐHSP", ISNUMBER(SEARCH("tin",I89)),"Khoa Toán - Tin, Trường ĐHSP", ISNUMBER(SEARCH("lý",I89)),"Khoa Lý - Hóa, Trường ĐHSP", ISNUMBER(SEARCH("hóa",I89)),"Khoa Lý - Hóa, Trường ĐHSP", ISNUMBER(SEARCH("ngữ văn",I89)),"Khoa Ngữ văn - Truyền thông, Trường ĐHSP", ISNUMBER(SEARCH("sử",I89)),"Khoa Sử - Địa - Chính trị, Trường ĐHSP", ISNUMBER(SEARCH("địa",I89)),"Khoa Sử - Địa - Chính trị, Trường ĐHSP", ISNUMBER(SEARCH("chính trị",I89)),"Khoa Sử - Địa - Chính trị, Trường ĐHSP", ISNUMBER(SEARCH("sinh",I89)),"Khoa Sinh - Nông nghiệp - Môi trường, Trường ĐHSP", ISNUMBER(SEARCH("tiểu học",I89)),"Khoa Giáo dục Tiểu học - Mầm non, Trường ĐHSP", ISNUMBER(SEARCH("mầm non",I89)),"Khoa Giáo dục Tiểu học - Mầm non, Trường ĐHSP", ISNUMBER(SEARCH("nghệ thuật",I89)),"Khoa Giáo dục Nghệ thuật - Thể chất, Trường ĐHSP", ISNUMBER(SEARCH("tâm lý",I89)),"Khoa Tâm lý - Giáo dục - Công tác Xã hội, Trường ĐHSP" ) -> #NAME? | K89: =VLOOKUP(J89,'Bảng Đơn vị'!$A$2:$B$10,2,1) -> #NAME? | L89: 45754 | M89: 2025
A90: 89 | C90: =IF(B90<>"",B90,C89) -> Chế tạo bè cứu hộ tự động phát tín hiệu GPS khi gặp nạn | D90: Đinh Thị Thùy Tiên | I90: KHOA VẬT LÝ (21 đề tài) | J90: =IFS( ISNUMBER(SEARCH("toán",I90)),"Khoa Toán - Tin, Trường ĐHSP", ISNUMBER(SEARCH("tin",I90)),"Khoa Toán - Tin, Trường ĐHSP", ISNUMBER(SEARCH("lý",I90)),"Khoa Lý - Hóa, Trường ĐHSP", ISNUMBER(SEARCH("hóa",I90)),"Khoa Lý - Hóa, Trường ĐHSP", ISNUMBER(SEARCH("ngữ văn",I90)),"Khoa Ngữ văn - Truyền thông, Trường ĐHSP", ISNUMBER(SEARCH("sử",I90)),"Khoa Sử - Địa - Chính trị, Trường ĐHSP", ISNUMBER(SEARCH("địa",I90)),"Khoa Sử - Địa - Chính trị, Trường ĐHSP", ISNUMBER(SEARCH("chính trị",I90)),"Khoa Sử - Địa - Chính trị, Trường ĐHSP", ISNUMBER(SEARCH("sinh",I90)),"Khoa Sinh - Nông nghiệp - Môi trường, Trường ĐHSP", ISNUMBER(SEARCH("tiểu học",I90)),"Khoa Giáo dục Tiểu học - Mầm non, Trường ĐHSP", ISNUMBER(SEARCH("mầm non",I90)),"Khoa Giáo dục Tiểu học - Mầm non, Trường ĐHSP", ISNUMBER(SEARCH("nghệ thuật",I90)),"Khoa Giáo dục Nghệ thuật - Thể chất, Trường ĐHSP", ISNUMBER(SEARCH("tâm lý",I90)),"Khoa Tâm lý - Giáo dục - Công tác Xã hội, Trường ĐHSP" ) -> #NAME? | K90: =VLOOKUP(J90,'Bảng Đơn vị'!$A$2:$B$10,2,1) -> #NAME? | L90: 45755 | M90: 2025
A91: 90 | C91: =IF(B91<>"",B91,C90) -> Chế tạo bè cứu hộ tự động phát tín hiệu GPS khi gặp nạn | D91: Đinh Công Tâm | I91: KHOA VẬT LÝ (21 đề tài) | J91: =IFS( ISNUMBER(SEARCH("toán",I91)),"Khoa Toán - Tin, Trường ĐHSP", ISNUMBER(SEARCH("tin",I91)),"Khoa Toán - Tin, Trường ĐHSP", ISNUMBER(SEARCH("lý",I91)),"Khoa Lý - Hóa, Trường ĐHSP", ISNUMBER(SEARCH("hóa",I91)),"Khoa Lý - Hóa, Trường ĐHSP", ISNUMBER(SEARCH("ngữ văn",I91)),"Khoa Ngữ văn - Truyền thông, Trường ĐHSP", ISNUMBER(SEARCH("sử",I91)),"Khoa Sử - Địa - Chính trị, Trường ĐHSP", ISNUMBER(SEARCH("địa",I91)),"Khoa Sử - Địa - Chính trị, Trường ĐHSP", ISNUMBER(SEARCH("chính trị",I91)),"Khoa Sử - Địa - Chính trị, Trường ĐHSP", ISNUMBER(SEARCH("sinh",I91)),"Khoa Sinh - Nông nghiệp - Môi trường, Trường ĐHSP", ISNUMBER(SEARCH("tiểu học",I91)),"Khoa Giáo dục Tiểu học - Mầm non, Trường ĐHSP", ISNUMBER(SEARCH("mầm non",I91)),"Khoa Giáo dục Tiểu học - Mầm non, Trường ĐHSP", ISNUMBER(SEARCH("nghệ thuật",I91)),"Khoa Giáo dục Nghệ thuật - Thể chất, Trường ĐHSP", ISNUMBER(SEARCH("tâm lý",I91)),"Khoa Tâm lý - Giáo dục - Công tác Xã hội, Trường ĐHSP" ) -> #NAME? | K91: =VLOOKUP(J91,'Bảng Đơn vị'!$A$2:$B$10,2,1) -> #NAME? | L91: 45756 | M91: 2025
A92: 91 | C92: =IF(B92<>"",B92,C91) -> Chế tạo bè cứu hộ tự động phát tín hiệu GPS khi gặp nạn | D92: Lữ Đình Trường Thảo | I92: KHOA VẬT LÝ (21 đề tài) | J92: =IFS( ISNUMBER(SEARCH("toán",I92)),"Khoa Toán - Tin, Trường ĐHSP", ISNUMBER(SEARCH("tin",I92)),"Khoa Toán - Tin, Trường ĐHSP", ISNUMBER(SEARCH("lý",I92)),"Khoa Lý - Hóa, Trường ĐHSP", ISNUMBER(SEARCH("hóa",I92)),"Khoa Lý - Hóa, Trường ĐHSP", ISNUMBER(SEARCH("ngữ văn",I92)),"Khoa Ngữ văn - Truyền thông, Trường ĐHSP", ISNUMBER(SEARCH("sử",I92)),"Khoa Sử - Địa - Chính trị, Trường ĐHSP", ISNUMBER(SEARCH("địa",I92)),"Khoa Sử - Địa - Chính trị, Trường ĐHSP", ISNUMBER(SEARCH("chính trị",I92)),"Khoa Sử - Địa - Chính trị, Trường ĐHSP", ISNUMBER(SEARCH("sinh",I92)),"Khoa Sinh - Nông nghiệp - Môi trường, Trường ĐHSP", ISNUMBER(SEARCH("tiểu học",I92)),"Khoa Giáo dục Tiểu học - Mầm non, Trường ĐHSP", ISNUMBER(SEARCH("mầm non",I92)),"Khoa Giáo dục Tiểu học - Mầm non, Trường ĐHSP", ISNUMBER(SEARCH("nghệ thuật",I92)),"Khoa Giáo dục Nghệ thuật - Thể chất, Trường ĐHSP", ISNUMBER(SEARCH("tâm lý",I92)),"Khoa Tâm lý - Giáo dục - Công tác Xã hội, Trường ĐHSP" ) -> #NAME? | K92: =VLOOKUP(J92,'Bảng Đơn vị'!$A$2:$B$10,2,1) -> #NAME? | L92: 45757 | M92: 2025
A93: 92 | B93: Thiết kế và xây dựng bộ lắp ghép mô hình STEAM theo chủ đề "Năng lượng và sự biến đổi" trong môn KHTN ở trường Trung học cơ sở | C93: =IF(B93<>"",B93,C92) -> Thiết kế và xây dựng bộ lắp ghép mô hình STEAM theo chủ đề "Năng lượng và sự biến đổi" trong môn KHTN ở trường Trung học cơ sở | D93: Lê Nguyễn Trà My | E93: 3140722054 | F93: 22SKT1 | G93: TS. Nguyễn Quý Tuấn | I93: KHOA VẬT LÝ (21 đề tài) | J93: =IFS( ISNUMBER(SEARCH("toán",I93)),"Khoa Toán - Tin, Trường ĐHSP", ISNUMBER(SEARCH("tin",I93)),"Khoa Toán - Tin, Trường ĐHSP", ISNUMBER(SEARCH("lý",I93)),"Khoa Lý - Hóa, Trường ĐHSP", ISNUMBER(SEARCH("hóa",I93)),"Khoa Lý - Hóa, Trường ĐHSP", ISNUMBER(SEARCH("ngữ văn",I93)),"Khoa Ngữ văn - Truyền thông, Trường ĐHSP", ISNUMBER(SEARCH("sử",I93)),"Khoa Sử - Địa - Chính trị, Trường ĐHSP", ISNUMBER(SEARCH("địa",I93)),"Khoa Sử - Địa - Chính trị, Trường ĐHSP", ISNUMBER(SEARCH("chính trị",I93)),"Khoa Sử - Địa - Chính trị, Trường ĐHSP", ISNUMBER(SEARCH("sinh",I93)),"Khoa Sinh - Nông nghiệp - Môi trường, Trường ĐHSP", ISNUMBER(SEARCH("tiểu học",I93)),"Khoa Giáo dục Tiểu học - Mầm non, Trường ĐHSP", ISNUMBER(SEARCH("mầm non",I93)),"Khoa Giáo dục Tiểu học - Mầm non, Trường ĐHSP", ISNUMBER(SEARCH("nghệ thuật",I93)),"Khoa Giáo dục Nghệ thuật - Thể chất, Trường ĐHSP", ISNUMBER(SEARCH("tâm lý",I93)),"Khoa Tâm lý - Giáo dục - Công tác Xã hội, Trường ĐHSP" ) -> #NAME? | K93: =VLOOKUP(J93,'Bảng Đơn vị'!$A$2:$B$10,2,1) -> #NAME? | L93: 45758 | M93: 2025
A94: 93 | C94: =IF(B94<>"",B94,C93) -> Thiết kế và xây dựng bộ lắp ghép mô hình STEAM theo chủ đề "Năng lượng và sự biến đổi" trong môn KHTN ở trường Trung học cơ sở | D94: Nguyễn Trọng Khôi | E94: 3140722039 | F94: 22SKT1 | I94: KHOA VẬT LÝ (21 đề tài) | J94: =IFS( ISNUMBER(SEARCH("toán",I94)),"Khoa Toán - Tin, Trường ĐHSP", ISNUMBER(SEARCH("tin",I94)),"Khoa Toán - Tin, Trường ĐHSP", ISNUMBER(SEARCH("lý",I94)),"Khoa Lý - Hóa, Trường ĐHSP", ISNUMBER(SEARCH("hóa",I94)),"Khoa Lý - Hóa, Trường ĐHSP", ISNUMBER(SEARCH("ngữ văn",I94)),"Khoa Ngữ văn - Truyền thông, Trường ĐHSP", ISNUMBER(SEARCH("sử",I94)),"Khoa Sử - Địa - Chính trị, Trường ĐHSP", ISNUMBER(SEARCH("địa",I94)),"Khoa Sử - Địa - Chính trị, Trường ĐHSP", ISNUMBER(SEARCH("chính trị",I94)),"Khoa Sử - Địa - Chính trị, Trường ĐHSP", ISNUMBER(SEARCH("sinh",I94)),"Khoa Sinh - Nông nghiệp - Môi trường, Trường ĐHSP", ISNUMBER(SEARCH("tiểu học",I94)),"Khoa Giáo dục Tiểu học - Mầm non, Trường ĐHSP", ISNUMBER(SEARCH("mầm non",I94)),"Khoa Giáo dục Tiểu học - Mầm non, Trường ĐHSP", ISNUMBER(SEARCH("nghệ thuật",I94)),"Khoa Giáo dục Nghệ thuật - Thể chất, Trường ĐHSP", ISNUMBER(SEARCH("tâm lý",I94)),"Khoa Tâm lý - Giáo dục - Công tác Xã hội, Trường ĐHSP" ) -> #NAME? | K94: =VLOOKUP(J94,'Bảng Đơn vị'!$A$2:$B$10,2,1) -> #NAME? | L94: 45759 | M94: 2025
A95: 94 | C95: =IF(B95<>"",B95,C94) -> Thiết kế và xây dựng bộ lắp ghép mô hình STEAM theo chủ đề "Năng lượng và sự biến đổi" trong môn KHTN ở trường Trung học cơ sở | D95: Nguyễn Đức Cường | E95: 3140722013 | F95: 22SKT1 | I95: KHOA VẬT LÝ (21 đề tài) | J95: =IFS( ISNUMBER(SEARCH("toán",I95)),"Khoa Toán - Tin, Trường ĐHSP", ISNUMBER(SEARCH("tin",I95)),"Khoa Toán - Tin, Trường ĐHSP", ISNUMBER(SEARCH("lý",I95)),"Khoa Lý - Hóa, Trường ĐHSP", ISNUMBER(SEARCH("hóa",I95)),"Khoa Lý - Hóa, Trường ĐHSP", ISNUMBER(SEARCH("ngữ văn",I95)),"Khoa Ngữ văn - Truyền thông, Trường ĐHSP", ISNUMBER(SEARCH("sử",I95)),"Khoa Sử - Địa - Chính trị, Trường ĐHSP", ISNUMBER(SEARCH("địa",I95)),"Khoa Sử - Địa - Chính trị, Trường ĐHSP", ISNUMBER(SEARCH("chính trị",I95)),"Khoa Sử - Địa - Chính trị, Trường ĐHSP", ISNUMBER(SEARCH("sinh",I95)),"Khoa Sinh - Nông nghiệp - Môi trường, Trường ĐHSP", ISNUMBER(SEARCH("tiểu học",I95)),"Khoa Giáo dục Tiểu học - Mầm non, Trường ĐHSP", ISNUMBER(SEARCH("mầm non",I95)),"Khoa Giáo dục Tiểu học - Mầm non, Trường ĐHSP", ISNUMBER(SEARCH("nghệ thuật",I95)),"Khoa Giáo dục Nghệ thuật - Thể chất, Trường ĐHSP", ISNUMBER(SEARCH("tâm lý",I95)),"Khoa Tâm lý - Giáo dục - Công tác Xã hội, Trường ĐHSP" ) -> #NAME? | K95: =VLOOKUP(J95,'Bảng Đơn vị'!$A$2:$B$10,2,1) -> #NAME? | L95: 45760 | M95: 2025
A96: 95 | C96: =IF(B96<>"",B96,C95) -> Thiết kế và xây dựng bộ lắp ghép mô hình STEAM theo chủ đề "Năng lượng và sự biến đổi" trong môn KHTN ở trường Trung học cơ sở | D96: Trần Thị Quỳnh Như | E96: 3140722073 | F96: 22SKT1 | I96: KHOA VẬT LÝ (21 đề tài) | J96: =IFS( ISNUMBER(SEARCH("toán",I96)),"Khoa Toán - Tin, Trường ĐHSP", ISNUMBER(SEARCH("tin",I96)),"Khoa Toán - Tin, Trường ĐHSP", ISNUMBER(SEARCH("lý",I96)),"Khoa Lý - Hóa, Trường ĐHSP", ISNUMBER(SEARCH("hóa",I96)),"Khoa Lý - Hóa, Trường ĐHSP", ISNUMBER(SEARCH("ngữ văn",I96)),"Khoa Ngữ văn - Truyền thông, Trường ĐHSP", ISNUMBER(SEARCH("sử",I96)),"Khoa Sử - Địa - Chính trị, Trường ĐHSP", ISNUMBER(SEARCH("địa",I96)),"Khoa Sử - Địa - Chính trị, Trường ĐHSP", ISNUMBER(SEARCH("chính trị",I96)),"Khoa Sử - Địa - Chính trị, Trường ĐHSP", ISNUMBER(SEARCH("sinh",I96)),"Khoa Sinh - Nông nghiệp - Môi trường, Trường ĐHSP", ISNUMBER(SEARCH("tiểu học",I96)),"Khoa Giáo dục Tiểu học - Mầm non, Trường ĐHSP", ISNUMBER(SEARCH("mầm non",I96)),"Khoa Giáo dục Tiểu học - Mầm non, Trường ĐHSP", ISNUMBER(SEARCH("nghệ thuật",I96)),"Khoa Giáo dục Nghệ thuật - Thể chất, Trường ĐHSP", ISNUMBER(SEARCH("tâm lý",I96)),"Khoa Tâm lý - Giáo dục - Công tác Xã hội, Trường ĐHSP" ) -> #NAME? | K96: =VLOOKUP(J96,'Bảng Đơn vị'!$A$2:$B$10,2,1) -> #NAME? | L96: 45761 | M96: 2025
A97: 96 | B97: Thiết kế e-book hỗ trợ dạy học chương “Động lực học”- Vật lý 10 - sách Kết nối Tri thức và Cuộc sống hướng phát triển năng lực tự học của học sinh. | C97: =IF(B97<>"",B97,C96) -> Thiết kế e-book hỗ trợ dạy học chương “Động lực học”- Vật lý 10 - sách Kết nối Tri thức và Cuộc sống hướng phát triển năng lực tự học của học sinh. | D97: Thới Bảo Đại | E97: 3130124003 | F97: 24SVL | G97: ThS. Trần Thị Hương Xuân | I97: KHOA VẬT LÝ (21 đề tài) | J97: =IFS( ISNUMBER(SEARCH("toán",I97)),"Khoa Toán - Tin, Trường ĐHSP", ISNUMBER(SEARCH("tin",I97)),"Khoa Toán - Tin, Trường ĐHSP", ISNUMBER(SEARCH("lý",I97)),"Khoa Lý - Hóa, Trường ĐHSP", ISNUMBER(SEARCH("hóa",I97)),"Khoa Lý - Hóa, Trường ĐHSP", ISNUMBER(SEARCH("ngữ văn",I97)),"Khoa Ngữ văn - Truyền thông, Trường ĐHSP", ISNUMBER(SEARCH("sử",I97)),"Khoa Sử - Địa - Chính trị, Trường ĐHSP", ISNUMBER(SEARCH("địa",I97)),"Khoa Sử - Địa - Chính trị, Trường ĐHSP", ISNUMBER(SEARCH("chính trị",I97)),"Khoa Sử - Địa - Chính trị, Trường ĐHSP", ISNUMBER(SEARCH("sinh",I97)),"Khoa Sinh - Nông nghiệp - Môi trường, Trường ĐHSP", ISNUMBER(SEARCH("tiểu học",I97)),"Khoa Giáo dục Tiểu học - Mầm non, Trường ĐHSP", ISNUMBER(SEARCH("mầm non",I97)),"Khoa Giáo dục Tiểu học - Mầm non, Trường ĐHSP", ISNUMBER(SEARCH("nghệ thuật",I97)),"Khoa Giáo dục Nghệ thuật - Thể chất, Trường ĐHSP", ISNUMBER(SEARCH("tâm lý",I97)),"Khoa Tâm lý - Giáo dục - Công tác Xã hội, Trường ĐHSP" ) -> #NAME? | K97: =VLOOKUP(J97,'Bảng Đơn vị'!$A$2:$B$10,2,1) -> #NAME? | L97: 45762 | M97: 2025
A98: 97 | C98: =IF(B98<>"",B98,C97) -> Thiết kế e-book hỗ trợ dạy học chương “Động lực học”- Vật lý 10 - sách Kết nối Tri thức và Cuộc sống hướng phát triển năng lực tự học của học sinh. | D98: Thái Thùy Linh | E98: 3130124010 | F98: 24SVL | I98: KHOA VẬT LÝ (21 đề tài) | J98: =IFS( ISNUMBER(SEARCH("toán",I98)),"Khoa Toán - Tin, Trường ĐHSP", ISNUMBER(SEARCH("tin",I98)),"Khoa Toán - Tin, Trường ĐHSP", ISNUMBER(SEARCH("lý",I98)),"Khoa Lý - Hóa, Trường ĐHSP", ISNUMBER(SEARCH("hóa",I98)),"Khoa Lý - Hóa, Trường ĐHSP", ISNUMBER(SEARCH("ngữ văn",I98)),"Khoa Ngữ văn - Truyền thông, Trường ĐHSP", ISNUMBER(SEARCH("sử",I98)),"Khoa Sử - Địa - Chính trị, Trường ĐHSP", ISNUMBER(SEARCH("địa",I98)),"Khoa Sử - Địa - Chính trị, Trường ĐHSP", ISNUMBER(SEARCH("chính trị",I98)),"Khoa Sử - Địa - Chính trị, Trường ĐHSP", ISNUMBER(SEARCH("sinh",I98)),"Khoa Sinh - Nông nghiệp - Môi trường, Trường ĐHSP", ISNUMBER(SEARCH("tiểu học",I98)),"Khoa Giáo dục Tiểu học - Mầm non, Trường ĐHSP", ISNUMBER(SEARCH("mầm non",I98)),"Khoa Giáo dục Tiểu học - Mầm non, Trường ĐHSP", ISNUMBER(SEARCH("nghệ thuật",I98)),"Khoa Giáo dục Nghệ thuật - Thể chất, Trường ĐHSP", ISNUMBER(SEARCH("tâm lý",I98)),"Khoa Tâm lý - Giáo dục - Công tác Xã hội, Trường ĐHSP" ) -> #NAME? | K98: =VLOOKUP(J98,'Bảng Đơn vị'!$A$2:$B$10,2,1) -> #NAME? | L98: 45763 | M98: 2025
A99: 98 | C99: =IF(B99<>"",B99,C98) -> Thiết kế e-book hỗ trợ dạy học chương “Động lực học”- Vật lý 10 - sách Kết nối Tri thức và Cuộc sống hướng phát triển năng lực tự học của học sinh. | D99: Nguyễn Văn Duy | E99: 3130124006 | F99: 24SVL | I99: KHOA VẬT LÝ (21 đề tài) | J99: =IFS( ISNUMBER(SEARCH("toán",I99)),"Khoa Toán - Tin, Trường ĐHSP", ISNUMBER(SEARCH("tin",I99)),"Khoa Toán - Tin, Trường ĐHSP", ISNUMBER(SEARCH("lý",I99)),"Khoa Lý - Hóa, Trường ĐHSP", ISNUMBER(SEARCH("hóa",I99)),"Khoa Lý - Hóa, Trường ĐHSP", ISNUMBER(SEARCH("ngữ văn",I99)),"Khoa Ngữ văn - Truyền thông, Trường ĐHSP", ISNUMBER(SEARCH("sử",I99)),"Khoa Sử - Địa - Chính trị, Trường ĐHSP", ISNUMBER(SEARCH("địa",I99)),"Khoa Sử - Địa - Chính trị, Trường ĐHSP", ISNUMBER(SEARCH("chính trị",I99)),"Khoa Sử - Địa - Chính trị, Trường ĐHSP", ISNUMBER(SEARCH("sinh",I99)),"Khoa Sinh - Nông nghiệp - Môi trường, Trường ĐHSP", ISNUMBER(SEARCH("tiểu học",I99)),"Khoa Giáo dục Tiểu học - Mầm non, Trường ĐHSP", ISNUMBER(SEARCH("mầm non",I99)),"Khoa Giáo dục Tiểu học - Mầm non, Trường ĐHSP", ISNUMBER(SEARCH("nghệ thuật",I99)),"Khoa Giáo dục Nghệ thuật - Thể chất, Trường ĐHSP", ISNUMBER(SEARCH("tâm lý",I99)),"Khoa Tâm lý - Giáo dục - Công tác Xã hội, Trường ĐHSP" ) -> #NAME? | K99: =VLOOKUP(J99,'Bảng Đơn vị'!$A$2:$B$10,2,1) -> #NAME? | L99: 45764 | M99: 2025
A100: 99 | C100: =IF(B100<>"",B100,C99) -> Thiết kế e-book hỗ trợ dạy học chương “Động lực học”- Vật lý 10 - sách Kết nối Tri thức và Cuộc sống hướng phát triển năng lực tự học của học sinh. | D100: Nguyễn Thúy Hà | E100: 3130124007 | F100: 24SVL | I100: KHOA VẬT LÝ (21 đề tài) | J100: =IFS( ISNUMBER(SEARCH("toán",I100)),"Khoa Toán - Tin, Trường ĐHSP", ISNUMBER(SEARCH("tin",I100)),"Khoa Toán - Tin, Trường ĐHSP", ISNUMBER(SEARCH("lý",I100)),"Khoa Lý - Hóa, Trường ĐHSP", ISNUMBER(SEARCH("hóa",I100)),"Khoa Lý - Hóa, Trường ĐHSP", ISNUMBER(SEARCH("ngữ văn",I100)),"Khoa Ngữ văn - Truyền thông, Trường ĐHSP", ISNUMBER(SEARCH("sử",I100)),"Khoa Sử - Địa - Chính trị, Trường ĐHSP", ISNUMBER(SEARCH("địa",I100)),"Khoa Sử - Địa - Chính trị, Trường ĐHSP", ISNUMBER(SEARCH("chính trị",I100)),"Khoa Sử - Địa - Chính trị, Trường ĐHSP", ISNUMBER(SEARCH("sinh",I100)),"Khoa Sinh - Nông nghiệp - Môi trường, Trường ĐHSP", ISNUMBER(SEARCH("tiểu học",I100)),"Khoa Giáo dục Tiểu học - Mầm non, Trường ĐHSP", ISNUMBER(SEARCH("mầm non",I100)),"Khoa Giáo dục Tiểu học - Mầm non, Trường ĐHSP", ISNUMBER(SEARCH("nghệ thuật",I100)),"Khoa Giáo dục Nghệ thuật - Thể chất, Trường ĐHSP", ISNUMBER(SEARCH("tâm lý",I100)),"Khoa Tâm lý - Giáo dục - Công tác Xã hội, Trường ĐHSP" ) -> #NAME? | K100: =VLOOKUP(J100,'Bảng Đơn vị'!$A$2:$B$10,2,1) -> #NAME? | L100: 45765 | M100: 2025
...

Sheet BangLHS_2025_2026
A1: STT | B1: Năm | C1: Khóa/ Lớp | D1: Họ và tên | E1: Ngày sinh | F1: Giới tính | G1: Quốc tịch | H1: Trường chủ quản ở nước ngoài (đối với LHS trao đổi/ thực tập) | I1: Ngành học tại đơn vị | J1: Ngành học | K1: donvi_ma | L1: donvi_ten | M1: Diện | N1: Số hộ chiếu | O1: Địa chỉ tạm trú | P1: Số visa/Thẻ tạm trú | Q1: Ngày nhập cảnh | R1: Thời hạn tạm trú | S1: Ghi chú
A2: 1 | B2: 2022 | C2: 2022 | D2: CHANTHAVISOUK SATSAMAY | E2: 30756 | F2: Nam | G2: Lào | I2: Nghiên cứu sinh ngành Hệ thống thông tin | J2: Hệ thống thông tin | K2: D2504200 | L2: Khoa Toán - Tin, Trường ĐHSP | M2: Học bổng TPTT 100% | N2: P 607808 | O2: 459 Tôn Đức Thắng, Liên Chiểu | S2: Đang ở Lào
A3: 2 | B3: 2022 | C3: 2022 | D3: Teh Jia Rou | E3: 35105 | F3: Nữ | G3: Malaysia | I3: Nghiên cứu sinh ngành Lịch sử Việt Nam | J3: Lịch sử Việt Nam | K3: D2504270 | L3: Khoa Sử - Địa - Chính trị, Trường ĐHSP | M3: Tự túc | N3: A54965993 | O3: 123 Nguyễn Xuân Hữu, quận Cẩm Lệ, thành phố Đà Nẵng | P3: AI 1462691 | Q3: 45397 | R3: 45761
A4: 3 | B4: 2021 | C4: 2021 | D4: Liu Li Xian | E4: 32672 | F4: Nữ | G4: Trung Quốc | I4: Nghiên cứu sinh ngành Ngôn ngữ học | J4: Ngôn ngữ học | K4: D2504240 | L4: Khoa Ngữ văn - Truyền thông, Trường ĐHSP | M4: Học bổng ĐHSP | N4: EJ2448338 | O4: 459 Tôn Đức Thắng, Liên Chiểu
A5: 4 | B5: 2021 | C5: 2021 | D5: Zhang Qiuxia | E5: 34184 | F5: Nữ | G5: Trung Quốc | I5: Nghiên cứu sinh ngành Ngôn ngữ học | J5: Ngôn ngữ học | K5: D2504240 | L5: Khoa Ngữ văn - Truyền thông, Trường ĐHSP | M5: Học bổng ĐHSP | N5: EI4285958 | O5: 459 Tôn Đức Thắng, Liên Chiểu | S5: chưa nhập cảnh
A6: 5 | B6: 2021 | C6: 2021 | D6: Lonphanh Phaodavanh | E6: 25065 | F6: Nam | G6: Lào | I6: Nghiên cứu sinh ngành Quản lí giáo dục | J6: Quản lý giáo dục | K6: D2504260 | L6: Khoa Tâm lý - Giáo dục - Công tác Xã hội, Trường ĐHSP | M6: Học bổng Hiệp Định | N6: D 0037583 | O6: Tổng LSQ Lào tại Thành phố Hồ Chí Minh | R6: 45912 | S6: Chứng minh thư lãnh sự số 172/LS-HCM/2022
A7: 6 | B7: 2022 | C7: 2022 | D7: Umvong Kiengcay | E7: 14/12/1986 | F7: Nam | G7: Lào | I7: Nghiên cứu sinh ngành Quản lí Giáo dục | J7: Quản lý giáo dục | K7: D2504260 | L7: Khoa Tâm lý - Giáo dục - Công tác Xã hội, Trường ĐHSP | M7: Học bổng TPTT 100% | N7: PA 0249189 | O7: 459 Tôn Đức Thắng, Liên Chiểu | S7: Miễn thị thực 28 ngày
A8: 7 | B8: 2024 | C8: 2024 | D8: XAYAVONG SOMPHONE | E8: 31170 | F8: Nam | G8: Lào | I8: Nghiên cứu sinh ngành Quản lí Giáo dục | J8: Quản lý giáo dục | K8: D2504260 | L8: Khoa Tâm lý - Giáo dục - Công tác Xã hội, Trường ĐHSP | M8: Học bổng TPTT 100% | N8: PA 0445175 | O8: 459 Tôn Đức Thắng, Liên Chiểu | S8: Miễn thị thực 28 ngày
A9: 8 | B9: 2024 | C9: 2024 | D9: Baolopet Songpon | E9: 26/01/1981 | F9: Nam | G9: Thái Lan | I9: Nghiên cứu sinh ngành Ngôn ngữ học | J9: Ngôn ngữ học | K9: D2504240 | L9: Khoa Ngữ văn - Truyền thông, Trường ĐHSP | M9: học bổng Trường ĐHSP | N9: OF2019890 | S9: Chưa nhập cảnh
A10: 9 | B10: 2025 | C10: 2025 | D10: DENG YANJIAO | E10: 19/9/1992 | F10: Nữ | G10: Trung Quốc | I10: Nghiên cứu sinh ngành Lịch sử Việt Nam | J10: Lịch sử Việt Nam | K10: D2504270 | L10: Khoa Sử - Địa - Chính trị, Trường ĐHSP | N10: EJ7562017 | O10: 459 Tôn Đức Thắng, Liên Chiểu
A11: 10 | B11: 2023 | C11: 2023/K47 | D11: ANONGSACK SOUKSAVATH | E11: 28976 | F11: Nam | G11: Lào | I11: Quản lý giáo dục | J11: Quản lý giáo dục | K11: D2504260 | L11: Khoa Tâm lý - Giáo dục - Công tác Xã hội, Trường ĐHSP | M11: K47 TPTT 100% CV 8798/UBND-SNG ngày 29/12/2021 | N11: P2372620 | O11: 459 Tôn Đức Thắng, Liên Chiểu | P11: AI 2301642 | Q11: 45041 | R11: 02/4/2025
A12: 11 | B12: 2023 | C12: 2023/K47 | D12: XAYSONGKHAM KHAMPHONG | E12: 31547 | F12: Nam | G12: Lào | I12: Quản lý giáo dục | J12: Quản lý giáo dục | K12: D2504260 | L12: Khoa Tâm lý - Giáo dục - Công tác Xã hội, Trường ĐHSP | M12: K47 TPTT 100% CV 8798/UBND-SNG ngày 29/12/2021 | N12: PA0369628 | O12: 459 Tôn Đức Thắng, Liên Chiểu | P12: AI 2301643 | Q12: 45041 | R12: 02/4/2025
A13: 12 | B13: 2023 | C13: 2023/K47 | D13: PASANPHONE PHONEPASEUTH | E13: 30726 | F13: Nữ | G13: Lào | I13: Quản lý giáo dục | J13: Quản lý giáo dục | K13: D2504260 | L13: Khoa Tâm lý - Giáo dục - Công tác Xã hội, Trường ĐHSP | M13: K47 TPTT 100% CV 8797/UBND-SNG ngày 29/12/2021 | N13: P2376255 | O13: 459 Tôn Đức Thắng, Liên Chiểu | P13: AI1760826 | Q13: 45041 | S13: Miễn thị thực 28 ngày
A14: 13 | B14: 2023 | C14: 2023/K47 | D14: THONGSI KHAMMAI | E14: 31171 | F14: Nữ | G14: Lào | I14: Quản lý giáo dục | J14: Quản lý giáo dục | K14: D2504260 | L14: Khoa Tâm lý - Giáo dục - Công tác Xã hội, Trường ĐHSP | M14: K47 TPTT 100% CV 8795/UBND-SNG ngày 29/12/2021 | N14: P2376845 | O14: 459 Tôn Đức Thắng, Liên Chiểu | P14: AI1760825 | Q14: 45041 | S14: Miễn thị thực 28 ngày
A15: 14 | B15: 2023 | C15: 2023/K47 | D15: PHOMCHANTHA DONE | E15: 33425 | F15: Nam | G15: Lào | I15: Lý luận và Phương pháp dạy học bộ môn Vật lý | J15: Lý luận và Phương pháp dạy học bộ môn Vật lý | K15: D2504210 | L15: Khoa Lý - Hóa, Trường ĐHSP | M15: K47 100 % Công văn số 8798/UBND-SNG ngày 29/12/2021 | N15: P2377600 | O15: 459 Tôn Đức Thắng, Liên Chiểu | P15: AI1760820 | Q15: 45041 | S15: Miễn thị thực 28 ngày
A16: 15 | B16: 2023 | C16: 2023/K47 | D16: ONCHANXAI KEONALIN | E16: 30359 | F16: Nam | G16: Lào | I16: Quản lý giáo dục | J16: Quản lý giáo dục | K16: D2504260 | L16: Khoa Tâm lý - Giáo dục - Công tác Xã hội, Trường ĐHSP | M16: K47 100 % Công văn số 8795/UBND-SNG ngày 29/11/2021 | N16: P2377160 | O16: 459 Tôn Đức Thắng, Liên Chiểu | P16: AI 2301646 | Q16: 45041 | S16: Miễn thị thực 28 ngày
A17: 16 | B17: 2023 | C17: 2023/K47 | D17: MANHMANYSAY VONGSACK | E17: 31242 | F17: Nam | G17: Lào | I17: Phương pháp toán sơ cấp | J17: Phương pháp toán sơ cấp | K17: D2504200 | L17: Khoa Toán - Tin, Trường ĐHSP | M17: K47 100 % Công văn số 8798/UBND-SNG ngày 29/12/2021 | N17: P2377160 | O17: 459 Tôn Đức Thắng, Liên Chiểu | P17: AI1760822 | Q17: 45041 | R17: 02/4/2025
A18: 17 | B18: 2023 | C18: 2023/K47 | D18: XAYAPHONE NOUNKHAM | E18: 31174 | F18: Nam | G18: Lào | I18: Quản lý giáo dục | J18: Quản lý giáo dục | K18: D2504260 | L18: Khoa Tâm lý - Giáo dục - Công tác Xã hội, Trường ĐHSP | M18: K47 100% Công văn số 7049/UBND-SNG ngày 22/12/2022 | N18: P2075488 | O18: Ký túc xá Trường Đại học Sư phạm | S18: Miễn thị thực 28 ngày
A19: 18 | B19: 2023 | C19: 2023/K47 | D19: VILAISACK NANTAVATH | E19: 31143 | F19: Nam | G19: Lào | I19: Lý luận và Phương pháp dạy học bộ môn Địa lý | J19: Lý luận và Phương pháp dạy học bộ môn Địa lý | K19: D2504270 | L19: Khoa Sử - Địa - Chính trị, Trường ĐHSP | M19: K47 100% Công văn số 7044/UBND-SNG ngày 22/12/2022 | N19: PA0472659 | O19: Ký túc xá Trường Đại học Sư phạm | P19: AI2301089 | Q19: 45226 | R19: 45635
A20: 19 | B20: 2023 | C20: 2023/K47 | D20: SAITHONGDUANG OUDOMXAY | E20: 33843 | F20: Nam | G20: Lào | I20: Toán Giải tích | J20: Toán Giải tích | K20: D2504200 | L20: Khoa Toán - Tin, Trường ĐHSP | M20: K47 100% Công văn số 7050/UBND-SNG ngày 22/12/2022 | N20: PA0236772 | O20: Ký túc xá Trường Đại học Sư phạm | P20: AI 2301090 | Q20: 45220 | R20: 45635
A21: 20 | B21: 2023 | C21: 2023/K47 | D21: Sisoulath Somsack | E21: 32332 | F21: Nam | G21: Lào | I21: Lịch sử Việt Nam | J21: Lịch sử Việt Nam | K21: D2504270 | L21: Khoa Sử - Địa - Chính trị, Trường ĐHSP | M21: K47 100% Công văn số 7049/UBND-SNG ngày 22/12/2022 | N21: PA0273394 | O21: Ký túc xá Trường Đại học Sư phạm | S21: Miễn thị thực 28 ngày
A22: 21 | B22: 2023 | C22: 2023/K48 | D22: Keosomvang Tadam | E22: 10/06/1991 | F22: Nữ | G22: Lào | I22: Giáo dục học | J22: Giáo dục học | K22: D2504260 | L22: Khoa Tâm lý - Giáo dục - Công tác Xã hội, Trường ĐHSP | M22: K48 100% Công văn số 6041/UBND-SNG ngày 02/11/2023 | N22: P2056368 | O22: Ký túc xá Trường Đại học Sư phạm | S22: Miễn thị thực 28 ngày
A23: 22 | B23: 2023 | C23: 2023/K48 | D23: Mommabath Beng | E23: 06/01/1995 | F23: Nam | G23: Lào | I23: Hóa hữu cơ | J23: Hóa hữu cơ | K23: #N/A | L23: #N/A | M23: K48 100% Công văn số 6043/UBND-SNG ngày 02/11/2023 | N23: P2740079 | O23: Ký túc xá Trường Đại học Sư phạm | P23: AI 2302849 | Q23: 18/4/25 | R23: 11/5/2026 | S23: Gia hạn lúc tháng 5/2025
A24: 23 | B24: 2023 | C24: 2023/K48 | D24: Saysongkham Latdavanh | E24: 15/06/1987 | F24: Nữ | G24: Lào | I24: Lịch sử Việt Nam | J24: Lịch sử Việt Nam | K24: D2504270 | L24: Khoa Sử - Địa - Chính trị, Trường ĐHSP | M24: K48 100% Công văn số 6043/UBND-SNG ngày 02/11/2023 | N24: P2439512 | O24: Ký túc xá Trường Đại học Sư phạm | S24: Miễn thị thực 28 ngày
A25: 24 | B25: 2023 | C25: 2023/K48 | D25: Kongmanivong Bounyong | E25: 26/6/1983 | F25: Nam | G25: Lào | I25: Quản lý giáo dục | J25: Quản lý giáo dục | K25: D2504260 | L25: Khoa Tâm lý - Giáo dục - Công tác Xã hội, Trường ĐHSP | M25: K48 100% Công văn số 7044/UBND-SNG ngày 22/12/2022 | N25: P2426969 | O25: Ký túc xá Trường Đại học Sư phạm | S25: Miễn thị thực 28 ngày
A26: 25 | B26: 2023 | C26: 2023/K48 | D26: Khoonboudpounminur Daosadeth | E26: 13/12/1983 | F26: Nam | G26: Lào | I26: Quản lý giáo dục | J26: Quản lý giáo dục | K26: D2504260 | L26: Khoa Tâm lý - Giáo dục - Công tác Xã hội, Trường ĐHSP | M26: K48 100% Công văn số 7049/UBND-SNG ngày 22/12/2022 | N26: P2464425 | O26: Ký túc xá Trường Đại học Sư phạm | S26: Miễn thị thực 28 ngày
A27: 26 | B27: 2023 | C27: 2023/K48 | D27: Phiewkhamphanh Phoudthasone | E27: 07/12/1995 | F27: Nữ | G27: Lào | I27: Quản lý giáo dục | J27: Quản lý giáo dục | K27: D2504260 | L27: Khoa Tâm lý - Giáo dục - Công tác Xã hội, Trường ĐHSP | M27: K48 50% Công văn số 7050/UBND-SNG ngày 22/12/2022 | N27: P24633665 | O27: Ký túc xá Trường Đại học Sư phạm | S27: Miễn thị thực 28 ngày
A28: 27 | B28: 2023 | C28: 2023/K48 | D28: Vongsa Phoumsavanh | E28: 09/03/1988 | F28: Nam | G28: Lào | I28: Quản lý giáo dục | J28: Quản lý giáo dục | K28: D2504260 | L28: Khoa Tâm lý - Giáo dục - Công tác Xã hội, Trường ĐHSP | M28: K48 100% Công văn số 7045/UBND-SNG ngày 22/12/2022 | N28: PA0470333 | O28: Ký túc xá Trường Đại học Sư phạm | P28: AI 2302881 | Q28: 17/4/2025 | R28: 22/5/2026 | S28: Gia hạn lúc tháng 6/2025
A29: 28 | B29: 2023 | C29: 2023/K48 | D29: Douangchantha Sisamay | E29: 24/11/1980 | F29: Nam | G29: Lào | I29: Quản lý giáo dục | J29: Quản lý giáo dục | K29: D2504260 | L29: Khoa Tâm lý - Giáo dục - Công tác Xã hội, Trường ĐHSP | M29: K48 100% Công văn số 7050/UBND-SNG ngày 22/12/2022 | N29: P1587935 | O29: Ký túc xá Trường Đại học Sư phạm | S29: Miễn thị thực 28 ngày
A30: 29 | B30: 2023 | C30: 2023/K48 | D30: Khanthachak Soulivong | E30: 03/06/1990 | F30: Nam | G30: Lào | I30: Quản lý giáo dục | J30: Quản lý giáo dục | K30: D2504260 | L30: Khoa Tâm lý - Giáo dục - Công tác Xã hội, Trường ĐHSP | M30: K48 50% Công văn số 7044/UBND-SNG ngày 22/12/2022 | N30: PA0479515 | O30: Ký túc xá Trường Đại học Sư phạm | P30: AI 2302878 | Q30: 18/4/2025 | R30: 22/5/2026 | S30: Gia hạn lúc tháng 6/2025
A31: 30 | B31: 2023 | C31: 2023/K48 | D31: Douanthavichine Souvanam | E31: 36109 | F31: Nam | G31: Lào | I31: Quản lý giáo dục | J31: Quản lý giáo dục | K31: D2504260 | L31: Khoa Tâm lý - Giáo dục - Công tác Xã hội, Trường ĐHSP | M31: K48 50% Công văn số 7044/UBND-SNG ngày 22/12/2022 | N31: PA0474263 | O31: Ký túc xá Trường Đại học Sư phạm | S31: Miễn thị thực 28 ngày
A32: 31 | B32: 2023 | C32: 2023/K48 | D32: Thammakod Vanpheng | E32: 06/06/1992 | F32: Nữ | G32: Lào | I32: Quản lý giáo dục | J32: Quản lý giáo dục | K32: D2504260 | L32: Khoa Tâm lý - Giáo dục - Công tác Xã hội, Trường ĐHSP | M32: K48 100% Công văn số 6043/UBND-SNG ngày 02/11/2023 | N32: P2780597 | O32: Ký túc xá Trường Đại học Sư phạm | S32: Miễn thị thực 28 ngày
A33: 32 | B33: 2023 | C33: 2023/K48 | D33: Viengdavong Vilaythong | E33: 03/12/1986 | F33: Nam | G33: Lào | I33: Quản lý giáo dục | J33: Quản lý giáo dục | K33: D2504260 | L33: Khoa Tâm lý - Giáo dục - Công tác Xã hội, Trường ĐHSP | M33: K48 50% Công văn số 7050/UBND-SNG ngày 22/12/2022 | N33: P2435185 | O33: Ký túc xá Trường Đại học Sư phạm | S33: Miễn thị thực 28 ngày
A34: 33 | B34: 2024 | C34: 2024/K49 | D34: PHILAVONG CHANTHAXAI | E34: 30256 | F34: Nam | G34: Lào | I34: Quản lý giáo dục | J34: Quản lý giáo dục | K34: D2504260 | L34: Khoa Tâm lý - Giáo dục - Công tác Xã hội, Trường ĐHSP | M34: Học bổng TP Đà Nẵng | N34: P2462564 | O34: Kí túc xá Trường Đại học Sư pham- ĐHĐN | P34: AI 3504031 | Q34: 30/7/2025 | R34: 08/8/2026 | S34: Gia hạn lúc tháng 8/2025
A35: 34 | B35: 2024 | C35: 2024/K49 | D35: CHANHSYSAMOUD EACKSAVANG | E35: 32395 | F35: Nam | G35: Lào | I35: Quản lý giáo dục | J35: Quản lý giáo dục | K35: D2504260 | L35: Khoa Tâm lý - Giáo dục - Công tác Xã hội, Trường ĐHSP | M35: Học bổng TP Đà Nẵng | N35: P2756908 | O35: Kí túc xá Trường Đại học Sư pham- ĐHĐN | P35: AI 3504032 | Q35: 30/7/2025 | R35: 08/8/2026 | S35: Gia hạn lúc tháng 8/2025
A36: 35 | B36: 2024 | C36: 2024/K49 | D36: THANELANGSY KEOTA | E36: 33141 | F36: Nam | G36: Lào | I36: Quản lý giáo dục | J36: Quản lý giáo dục | K36: D2504260 | L36: Khoa Tâm lý - Giáo dục - Công tác Xã hội, Trường ĐHSP | M36: Học bổng TP Đà Nẵng | N36: P2752621 | O36: Kí túc xá Trường Đại học Sư pham- ĐHĐN | P36: AI 3504029 | Q36: 30/7/2025 | R36: 08/8/2026 | S36: Gia hạn lúc tháng 8/2025
A37: 36 | B37: 2024 | C37: 2024/K49 | D37: VONEINTHYVONG KHAMSAMONE | E37: 33839 | F37: Nam | G37: Lào | I37: Quản lý giáo dục | J37: Quản lý giáo dục | K37: D2504260 | L37: Khoa Tâm lý - Giáo dục - Công tác Xã hội, Trường ĐHSP | M37: Học bổng TP Đà Nẵng | N37: P2756910 | O37: Kí túc xá Trường Đại học Sư pham- ĐHĐN | P37: AI 3504028 | Q37: 30/7/2025 | R37: 08/8/2026 | S37: Gia hạn lúc tháng 8/2025
A38: 37 | B38: 2024 | C38: 2024/K49 | D38: VILASAN SOMMIXAY | E38: 33087 | F38: Nam | G38: Lào | I38: Quản lý giáo dục | J38: Quản lý giáo dục | K38: D2504260 | L38: Khoa Tâm lý - Giáo dục - Công tác Xã hội, Trường ĐHSP | M38: Học bổng TP Đà Nẵng | N38: P2740876 | O38: Kí túc xá Trường Đại học Sư pham- ĐHĐN | P38: AI 3504138 | Q38: 31/7/2025 | R38: 18/9/2026 | S38: Gia hạn lúc tháng 9/2025
A39: 38 | B39: 2024 | C39: 2024/K49 | D39: SOUDTHICHAK SOMPHAPHON | E39: 32866 | F39: Nữ | G39: Lào | I39: Quản lý giáo dục | J39: Quản lý giáo dục | K39: D2504260 | L39: Khoa Tâm lý - Giáo dục - Công tác Xã hội, Trường ĐHSP | M39: Học bổng TP Đà Nẵng | N39: P2798196 | O39: Kí túc xá Trường Đại học Sư pham- ĐHĐN | P39: AI 2302029 | Q39: 45243 | R39: 45930 | S39: Miễn thị thực 28 ngày
A40: 39 | B40: 2025 | C40: 2025/K50 | D40: PHATTHAVONG BOUAPHA | E40: 33063 | F40: Nữ | G40: Lào | I40: Giáo dục Mầm non | J40: Giáo dục Mầm non | K40: D2504250 | L40: Khoa Giáo dục Tiểu học - Mầm non, Trường ĐHSP | M40: Học bổng TP Đà Nẵng | N40: PA0311154 | O40: Kí túc xá Trường Đại học Sư pham- ĐHĐN
A41: 40 | B41: 2025 | C41: 2025/K50 | D41: KEO ONLA VILAVONG | E41: 31452 | F41: Nam | G41: Lào | I41: Lý luận và Phương pháp Dạy học bộ môn Địa lý | J41: Lý luận và Phương pháp Dạy học bộ môn Địa lý | K41: D2504270 | L41: Khoa Sử - Địa - Chính trị, Trường ĐHSP | M41: Học bổng TP Đà Nẵng | N41: P2773098 | O41: Kí túc xá Trường Đại học Sư pham- ĐHĐN
A42: 41 | B42: 2025 | C42: 2025/K50 | D42: VONGLATANA SENGPHEENITH | E42: 29/7/1988 | F42: Nam | G42: Lào | I42: Lý luận và Phương pháp Dạy học bộ môn Toán | J42: Lý luận và Phương pháp Dạy học bộ môn Toán | K42: D2504200 | L42: Khoa Toán - Tin, Trường ĐHSP | M42: Học bổng TP Đà Nẵng | N42: P2798187 | O42: Kí túc xá Trường Đại học Sư pham- ĐHĐN
A43: 42 | B43: 2025 | C43: 2025/K50 | D43: XAYALAT TUE | E43: 32915 | F43: Nam | G43: Lào | I43: Quản lý giáo dục | J43: Quản lý giáo dục | K43: D2504260 | L43: Khoa Tâm lý - Giáo dục - Công tác Xã hội, Trường ĐHSP | M43: Học bổng TP Đà Nẵng | N43: P2611727 | O43: Kí túc xá Trường Đại học Sư pham- ĐHĐN
A44: 43 | B44: 2025 | C44: 2025/K50 | D44: KHAMKHOSY THONGLONE | E44: 34340 | F44: Nam | G44: Lào | I44: Quản lý giáo dục | J44: Quản lý giáo dục | K44: D2504260 | L44: Khoa Tâm lý - Giáo dục - Công tác Xã hội, Trường ĐHSP | M44: Học bổng TP Đà Nẵng | N44: P1767213 | O44: Kí túc xá Trường Đại học Sư pham- ĐHĐN
A45: 44 | B45: 2025 | C45: 2025/K50 | D45: VIENGXAY VIENGDALAY | E45: 31569 | F45: Nữ | G45: Lào | I45: Quản lý giáo dục | J45: Quản lý giáo dục | K45: D2504260 | L45: Khoa Tâm lý - Giáo dục - Công tác Xã hội, Trường ĐHSP | M45: Học bổng TP Đà Nẵng | N45: P3122503 | O45: Kí túc xá Trường Đại học Sư pham- ĐHĐN
A46: 45 | B46: 2025 | C46: 2025/K50 | D46: HO CHI KO | E46: 15/1/1977 | F46: Nam | G46: Trung Quốc | I46: Tâm lý học | J46: Tâm lý học | K46: D2504260 | L46: Khoa Tâm lý - Giáo dục - Công tác Xã hội, Trường ĐHSP | M46: Tự túc | N46: KJ0632019 | O46: V1208, TANG 12, lapaz tower 38 Nguyễn Chí Thanh
A47: 46 | B47: 2025 | C47: 2025/K51 | D47: XAIYASITH KHAMKO | E47: 17/7/1999 | F47: Nam | G47: Lào | I47: Hệ thống thông tin | J47: Hệ thống thông tin | K47: D2504200 | L47: Khoa Toán - Tin, Trường ĐHSP | M47: Học bổng TP Đà Nẵng | N47: P2283184
A48: 47 | B48: 2025 | C48: 2025/K51 | D48: YUANGYAYIA XOLA | E48: 24/9/1994 | F48: Nam | G48: Lào | I48: Quản lý giáo dục | J48: Quản lý giáo dục | K48: D2504260 | L48: Khoa Tâm lý - Giáo dục - Công tác Xã hội, Trường ĐHSP | M48: Học bổng TP Đà Nẵng | N48: P3115953
A49: 48 | B49: 2025 | C49: 2025/K51 | D49: XAISANA SOMMAY | E49: 01/11/1988 | F49: Nam | G49: Lào | I49: Quản lý giáo dục | J49: Quản lý giáo dục | K49: D2504260 | L49: Khoa Tâm lý - Giáo dục - Công tác Xã hội, Trường ĐHSP | M49: Học bổng TP Đà Nẵng | N49: P2460401 | P49: AI3504527 | R49: 17/10/2026 | S49: GIA HẠN LÚ C T10/25
A50: 49 | B50: 2025 | C50: 2025/K51 | D50: VERNKHAM THIENGTAVANH | E50: 09/10/1993 | F50: Nữ | G50: Lào | I50: Quản lý giáo dục | J50: Quản lý giáo dục | K50: D2504260 | L50: Khoa Tâm lý - Giáo dục - Công tác Xã hội, Trường ĐHSP | M50: Học bổng TP Đà Nẵng | N50: P3131932 | P50: AI3794038 | R50: 16/12/2026 | S50: Gia hạn lúc T12/2025
A51: 50 | B51: 2025 | C51: 2025/K51 | D51: JOUMMALY SOUKSAWAI | E51: 24/4/1992 | F51: Nam | G51: Lào | I51: Quản lý giáo dục | J51: Quản lý giáo dục | K51: D2504260 | L51: Khoa Tâm lý - Giáo dục - Công tác Xã hội, Trường ĐHSP | M51: Học bổng TP Đà Nẵng | N51: P3114503 | P51: AI3504498 | R51: 17/10/2026 | S51: GIA HẠN LÚ C T10/25
A52: 51 | B52: 2025 | C52: 2025/K51 | D52: TONKEO KORLAKAN | E52: 30/6/1990 | F52: Nam | G52: Lào | I52: Quản lý giáo dục | J52: Quản lý giáo dục | K52: D2504260 | L52: Khoa Tâm lý - Giáo dục - Công tác Xã hội, Trường ĐHSP | M52: Học bổng TP Đà Nẵng | N52: P3148960 | P52: AI3504499 | R52: 17/10/2026 | S52: GIA HẠN LÚ C T10/25
A53: 52 | B53: 2025 | C53: 2025/K51 | D53: PHANTHONGCHAN SOUKBANDIT | E53: 14/7/1987 | F53: Nam | G53: Lào | I53: Quản lý giáo dục | J53: Quản lý giáo dục | K53: D2504260 | L53: Khoa Tâm lý - Giáo dục - Công tác Xã hội, Trường ĐHSP | M53: Học bổng TP Đà Nẵng | N53: P2779606 | P53: AI3504530 | R53: 17/10/2026 | S53: GIA HẠN LÚ C T10/25
A54: 53 | B54: 2025 | C54: 2025/K51 | D54: KEO OUNHEUAN SYTHANONGSAI | E54: 04/4/1987 | F54: Nam | G54: Lào | I54: Quản lý giáo dục | J54: Quản lý giáo dục | K54: D2504260 | L54: Khoa Tâm lý - Giáo dục - Công tác Xã hội, Trường ĐHSP | M54: Học bổng TP Đà Nẵng | N54: P3104066 | P54: AI3504496 | R54: 17/10/2026 | S54: GIA HẠN LÚ C T10/25
A55: 54 | B55: 2025 | C55: 2025/K51 | D55: XAISANA KHAMBAI | E55: 25/3/1992 | F55: Nam | G55: Lào | I55: Quản lý giáo dục | J55: Quản lý giáo dục | K55: D2504260 | L55: Khoa Tâm lý - Giáo dục - Công tác Xã hội, Trường ĐHSP | M55: Học bổng TP Đà Nẵng | N55: P3095965 | P55: AI3504493 | R55: 17/10/2026 | S55: GIA HẠN LÚ C T10/25
A56: 55 | B56: 2025 | C56: 2025/K51 | D56: KEOMALA KORLAKANH | E56: 30/01/1986 | F56: Nam | G56: Lào | I56: Quản lý giáo dục | J56: Quản lý giáo dục | K56: D2504260 | L56: Khoa Tâm lý - Giáo dục - Công tác Xã hội, Trường ĐHSP | M56: Học bổng TP Đà Nẵng | N56: P3133478 | P56: AI3504500 | R56: 17/10/2026 | S56: GIA HẠN LÚ C T10/25
A57: 56 | B57: 2025 | C57: 2025/K51 | D57: CHANTHAMAT KHANTHALA | E57: 04/02/1988 | F57: Nữ | G57: Lào | I57: Quản lý giáo dục | J57: Quản lý giáo dục | K57: D2504260 | L57: Khoa Tâm lý - Giáo dục - Công tác Xã hội, Trường ĐHSP | M57: Học bổng TP Đà Nẵng | N57: P3029936 | P57: AI3504538 | R57: 17/10/2026 | S57: GIA HẠN LÚ C T10/25
A58: 57 | B58: 2025 | C58: 2025/K51 | D58: KEOSALY SI AMONE | E58: 22/5/1985 | F58: Nữ | G58: Lào | I58: Quản lý giáo dục | J58: Quản lý giáo dục | K58: D2504260 | L58: Khoa Tâm lý - Giáo dục - Công tác Xã hội, Trường ĐHSP | M58: Học bổng TP Đà Nẵng | N58: P3034867 | P58: AI3794037 | R58: 16/12/2026 | S58: Gia hạn lúc T12/2025
A59: 58 | B59: 2025 | C59: 2025/K51 | D59: KHAMMANIVONG DOZA | E59: 18/8/1997 | F59: Nữ | G59: Lào | I59: Quản lý tài nguyên và môi trường | J59: Quản lý tài nguyên và môi trường | K59: D2504230 | L59: Khoa Sinh - Nông nghiệp - Môi trường, Trường ĐHSP | M59: Học bổng TP Đà Nẵng | N59: PA0073908 | P59: AI3504497 | R59: 17/10/2026 | S59: GIA HẠN LÚ C T10/25
A60: 59 | B60: 2025 | C60: 2025/K51 | D60: YOO YUNGJONG | E60: 22/10/1980 | F60: Nam | G60: Hàn Quốc | I60: Việt Nam học | J60: Việt Nam học | K60: D2504270 | L60: Khoa Sử - Địa - Chính trị, Trường ĐHSP | M60: Tự túc | N60: M421R4618 | O60: 84 Hồ Tùng Mậu, P. Hòa Khánh | P60: AI3318644 | Q60: 17/7/2025 | R60: 17/10/2025
A61: 60 | B61: 2025 | C61: 2025/K51 đợt 2 | D61: KHAMPHAMAY SYNGERNMANH | E61: 01/6/1986 | F61: Nam | G61: Lào | H61: Sekong | I61: Việt Nam học | J61: Việt Nam học | K61: D2504270 | L61: Khoa Sử - Địa - Chính trị, Trường ĐHSP | M61: HB TP ĐN | N61: P 2070503 | O61: Kí túc xá Trường Đại học Sư pham- ĐHĐN | S61: 2457/QĐ-ĐHSP ngày 31/12/2025
A62: 61 | B62: 2025 | C62: 2025/K51 đợt 2 | D62: KISHIRO TAKESHI | E62: 19/9/1987 | F62: Nam | G62: Nhật Bản | I62: Việt Nam học | J62: Việt Nam học | K62: D2504270 | L62: Khoa Sử - Địa - Chính trị, Trường ĐHSP | M62: Tự túc | S62: 2457/QĐ-ĐHSP ngày 31/12/2025
A63: 62 | B63: 2018 | C63: 2018/18CTM | D63: Keosoulita Singdalanikone | E63: 36430 | F63: Nữ | G63: Lào | I63: Quản lý Tài nguyên và Môi trường | J63: Quản lý Tài nguyên và Môi trường | K63: D2504230 | L63: Khoa Sinh - Nông nghiệp - Môi trường, Trường ĐHSP | M63: K18 (TN 2022) (100%) CV 10459/UBND-SNV ngày 26/12/2017 | N63: PA 0184748 | O63: 459 Tôn Đức Thắng, Liên Chiểu | P63: AI 2301698 | Q63: 44193 | S63: Miễn thị thực 28 ngày
A64: 63 | B64: 2019 | C64: 2019/19CNTT1 | D64: Inthilath Chimmala | E64: 19-06-2000 | F64: Nam | G64: Lào | I64: Công nghệ thông tin | J64: Công nghệ thông tin | K64: D2504200 | L64: Khoa Toán - Tin, Trường ĐHSP | M64: K19 (TN 2022) (50 %) CV 7637/UBND-SNG ngày 04/10/2018 | N64: PA0230822 | O64: 459 Tôn Đức Thắng, Liên Chiểu | S64: Miễn thị thực 28 ngày
A65: 64 | B65: 2019 | C65: 2019/19CNTT2 | D65: Võ Đại Hứa | E65: 27-07-2000 | F65: Nam | G65: Lào | I65: Công nghệ thông tin | J65: Công nghệ thông tin | K65: D2504200 | L65: Khoa Toán - Tin, Trường ĐHSP | M65: K19 (TN 2022) (100%) CV 6848/UBND-SNG ngày 31/8/2018 | N65: N1955858 | O65: 459 Tôn Đức Thắng, Liên Chiểu | S65: Hộ chiếu Việt Nam
A66: 65 | B66: 2019 | C66: 2019/19CNTT1 | D66: Vannida Nanthavongsa | E66: 02-02-2000 | F66: Nữ | G66: Lào | I66: Công nghệ thông tin | J66: Công nghệ thông tin | K66: D2504200 | L66: Khoa Toán - Tin, Trường ĐHSP | M66: K19 (TN 2022) (100%) CV 7637/UBND-SNG ngày 04/10/2018 | N66: PA0259906 | O66: 459 Tôn Đức Thắng, Liên Chiểu | P66: AI 2301144 | Q66: 44193 | S66: Miễn thị thực 28 ngày
A67: 66 | B67: 2019 | C67: 2019/19CNTT1 | D67: Sivilay Phimmasan | E67: 09-09-2000 | F67: Nữ | G67: Lào | I67: Công nghệ thông tin | J67: Công nghệ thông tin | K67: D2504200 | L67: Khoa Toán - Tin, Trường ĐHSP | M67: Học bổng TPTT 100% | N67: PA0258119 | O67: 459 Tôn Đức Thắng, Liên Chiểu | P67: AI 1764884 | Q67: 44193 | S67: Miễn thị thực 28 ngày
A68: 67 | B68: 2019 | C68: 2019/19CNTT1 | D68: Phonepasit Silivongxay | E68: 23-10-1999 | F68: Nam | G68: Lào | I68: Công nghệ thông tin | J68: Công nghệ thông tin | K68: D2504200 | L68: Khoa Toán - Tin, Trường ĐHSP | M68: K19 (TN 2022) (100%) CV 7637/UBND-SNG ngày 04/10/2018 | N68: PA0181819 | O68: 459 Tôn Đức Thắng, Liên Chiểu | P68: AI 1448529 | Q68: 44193
A69: 68 | B69: 2019 | C69: 2019/19SGC | D69: Vorlasin Toulakhom | E69: 25-10-1999 | F69: Nữ | G69: Lào | I69: Giáo dục Chính trị | J69: Giáo dục Chính trị | K69: D2504270 | L69: Khoa Sử - Địa - Chính trị, Trường ĐHSP | M69: K19 (TN 2022) (100%) CV 649/UBND-SNG ngày 30/01/2019 | N69: PA0262169 | O69: 459 Tôn Đức Thắng, Liên Chiểu
A70: 69 | B70: 2019 | C70: 2019/19SNV | D70: Chanthavisouk Bouasavanh | E70: 07-10-1999 | F70: Nữ | G70: Lào | I70: Sư phạm Ngữ văn | J70: Sư phạm Ngữ văn | K70: D2504240 | L70: Khoa Ngữ văn - Truyền thông, Trường ĐHSP | M70: K19 (TN 2022) (100%) CV 649/UBND-SNG ngày 30/01/2019 | N70: PA0149869 | O70: 459 Tôn Đức Thắng, Liên Chiểu | P70: AI 2301699 | Q70: 44193 | R70: 45807
A71: 70 | B71: 2021 | C71: 2021/21CNTT3 | D71: Akkhavong Dao Oxy | E71: 02-05-2001 | F71: Nam | G71: Lào | I71: Công nghệ thông tin | J71: Công nghệ thông tin | K71: D2504200 | L71: Khoa Toán - Tin, Trường ĐHSP | M71: TPTT 100% CV 6606/UBND-SNG Ngày 30/09/2019 | N71: PA0328555 | O71: 459 Tôn Đức Thắng, Liên Chiểu | P71: AI 2302746 | Q71: 12/02/2025 | R71: 01/4/2026 | S71: Gia hạn lúc tháng 4/2025
A72: 71 | B72: 2021 | C72: 2021/21CNTT3 | D72: Phommachanh Mekky | E72: 03-01-1999 | F72: Nam | G72: Lào | I72: Công nghệ thông tin | J72: Công nghệ thông tin | K72: D2504200 | L72: Khoa Toán - Tin, Trường ĐHSP | M72: K21 TPTT 100% CV 7226/UBND-SNG Ngày 23/10/2019 | N72: PA0328185 | O72: 459 Tôn Đức Thắng, Liên Chiểu | P72: AI 2302751 | Q72: 13/02/2025 | R72: 01/4/2026 | S72: Gia hạn lúc tháng 4/2025
A73: 72 | B73: 2021 | C73: 2021/21CTM | D73: Chansina Patsaya | E73: 25-08-2001 | F73: Nam | G73: Lào | I73: Quản lý Tài nguyên và Môi trường | J73: Quản lý Tài nguyên và Môi trường | K73: D2504230 | L73: Khoa Sinh - Nông nghiệp - Môi trường, Trường ĐHSP | M73: K21 TPTT 100% CV 8270/UBND SNG Ngày 06/12/2019 | N73: PA 0307749 | O73: 459 Tôn Đức Thắng, Liên Chiểu | P73: AI2342844 | Q73: 44589 | R73: 23/3/2026 | S73: visa code 1 lần
A74: 73 | B74: 2021 | C74: 2021/21CNTT3 | D74: Saythavy Xaynoy | E74: 04-09-2001 | F74: Nam | G74: Lào | I74: Công nghệ Thông tin | J74: Công nghệ Thông tin | K74: D2504200 | L74: Khoa Toán - Tin, Trường ĐHSP | M74: K21 TPTT 100% CV 8799/UBND-SNG ngày 29/12/2021 | N74: P 2247446 | O74: 459 Tôn Đức Thắng, Liên Chiểu | P74: AI 2302706 | Q74: 08/02/2025 | R74: 25/02/2026 | S74: Gia hạn lúc tháng 3/2025
A75: 74 | B75: 2021 | C75: 2021/21CNTT4 | D75: Leukhamhan Xaypanya | E75: 09-04-2000 | F75: Nam | G75: Lào | I75: Công nghệ Thông tin | J75: Công nghệ Thông tin | K75: D2504200 | L75: Khoa Toán - Tin, Trường ĐHSP | M75: K21 TPTT 50% CV 8270/UBND-SNG Ngày 06/12/2019 | N75: P 2258273 | O75: 459 Tôn Đức Thắng, Liên Chiểu | P75: AI 2302631 | Q75: 45902 | R75: 25/02/2026 | S75: Gia hạn lúc tháng 3/2025
A76: 75 | B76: 2021 | C76: 2021/21SGC | D76: Xaiyaseng Phonpaseuth | E76: 11-10-2000 | F76: Nam | G76: Lào | I76: Giáo dục Chính trị | J76: Giáo dục Chính trị | K76: D2504270 | L76: Khoa Sử - Địa - Chính trị, Trường ĐHSP | M76: Tự túc | N76: PA0194476 | O76: 459 Tôn Đức Thắng, Liên Chiểu | P76: AI 3504555 | Q76: 30/8/2025 | R76: 03/10/2026 | S76: Gia hạn lúc tháng 10/2025
A77: 76 | B77: 2021 | C77: 2021/21SGC | D77: Phommasyda Namfon | E77: 24-09-2001 | F77: Nữ | G77: Lào | I77: Giáo dục Chính trị | J77: Giáo dục Chính trị | K77: D2504270 | L77: Khoa Sử - Địa - Chính trị, Trường ĐHSP | M77: K21 TPTT 50% CV 8799/UBND-SNG ngày 29/12/2021 | N77: PA 0314253 | O77: 459 Tôn Đức Thắng, Liên Chiểu | P77: AI 2302634 | Q77: 13/2/2025 | R77: 25/02/2026 | S77: Học xong đã về Lào
A78: 77 | B78: 2022 | C78: 2022 | D78: CHANTHAVONGSA MEKVILAY | E78: 38133 | F78: Nữ | G78: Lào | I78: Quản lý tài nguyên và môi trường | J78: Quản lý tài nguyên và môi trường | K78: D2504230 | L78: Khoa Sinh - Nông nghiệp - Môi trường, Trường ĐHSP | M78: TPTT 100% CV 8194/UBND-SNG ngày 07/12/2021 | N78: P 2199758 | O78: 459 Tôn Đức Thắng, Liên Chiểu | P78: AI1415667 | Q78: 44996 | R78: 16/02/2026
A79: 78 | B79: 2022 | C79: 2022 | D79: KHATNIKONE KESAN | E79: 37533 | F79: Nam | G79: Lào | I79: Công nghệ Thông tin | J79: Công nghệ Thông tin | K79: D2504200 | L79: Khoa Toán - Tin, Trường ĐHSP | M79: TPTT 100% CV 8799/UBND-SNG ngày 29/12/2021 | N79: P 2377091 | O79: 459 Tôn Đức Thắng, Liên Chiểu | P79: AI2302716 | Q79: 45963 | R79: 25/02/2026 | S79: Gia hạn lúc tháng 3/2025
A80: 79 | B80: 2022 | C80: 2022 | D80: PHOMMAVANH THIPPHACHANH | E80: 36788 | F80: Nữ | G80: Lào | I80: Công nghệ Thông tin | J80: Công nghệ Thông tin | K80: D2504200 | L80: Khoa Toán - Tin, Trường ĐHSP | M80: K22 TPTT 100% CV 8798/UBND-SNG ngày 29/12/2021 | N80: PA 0369858 | O80: 459 Tôn Đức Thắng, Liên Chiểu | P80: AI2302633 | Q80: 11/02/2025 | R80: 25/02/2026 | S80: Gia hạn lúc tháng 3/2025
A81: 80 | B81: 2022 | C81: 2022 | D81: SINGSAVATH PHOUDPHAVANH | E81: 37431 | F81: Nữ | G81: Lào | I81: Công nghệ Thông tin | J81: Công nghệ Thông tin | K81: D2504200 | L81: Khoa Toán - Tin, Trường ĐHSP | M81: K22 TPTT 100% CV 8798/UBND-SNG ngày 29/12/2021 | N81: P 2377554 | O81: 459 Tôn Đức Thắng, Liên Chiểu | P81: AI2302701 | Q81: 45963 | R81: 25/02/2026 | S81: Gia hạn lúc tháng 3/2025
A82: 81 | B82: 2022 | C82: 2022 | D82: PHOMMASONE DOKHAK | E82: 37605 | F82: Nữ | G82: Lào | I82: Công nghệ Thông tin | J82: Công nghệ Thông tin | K82: D2504200 | L82: Khoa Toán - Tin, Trường ĐHSP | M82: K22 TPTT 50% CV 8798/UBND-SNG ngày 29/12/2021 | N82: P 3193777 | O82: 459 Tôn Đức Thắng, Liên Chiểu | P82: AI 2302750 | Q82: 02/3/2025 | R82: 01/4/2026 | S82: Gia hạn lúc tháng 4/2025
A83: 82 | B83: 2022 | C83: 2022 | D83: MIVONG CHOULIA | E83: 37644 | F83: Nữ | G83: Lào | I83: Công nghệ Thông tin | J83: Công nghệ Thông tin | K83: D2504200 | L83: Khoa Toán - Tin, Trường ĐHSP | M83: K22 TPTT 100% CV 8795/UBND-SNG ngày 29/12/2021 | N83: P 2377748 | O83: 459 Tôn Đức Thắng, Liên Chiểu | P83: AI3504716 | Q83: 28/9/2025 | R83: 46214 | S83: Gia hạn lúc tháng 11/2025
A84: 83 | B84: 2022 | C84: 2022 | D84: VIXAYKOUMMARN XAYPANYA | E84: 37408 | F84: Nam | G84: Lào | I84: Công nghệ Thông tin | J84: Công nghệ Thông tin | K84: D2504200 | L84: Khoa Toán - Tin, Trường ĐHSP | M84: K22 TPTT 100% CV 8796/UBND-SNG ngày 29/12/2021 | N84: PA 0369626 | O84: 459 Tôn Đức Thắng, Liên Chiểu | P84: AI2302703 | Q84: 45963 | R84: 25/02/2026 | S84: Gia hạn lúc tháng 3/2025
A85: 84 | B85: 2022 | C85: 2022 | D85: SAIPHOULUANG KHAM | E85: 36892 | F85: Nam | G85: Lào | I85: Công nghệ Thông tin | J85: Công nghệ Thông tin | K85: D2504200 | L85: Khoa Toán - Tin, Trường ĐHSP | M85: K22 TPTT 100% CV 8795/UBND-SNG ngày 29/12/2021 | N85: N 2208287 | O85: 459 Tôn Đức Thắng, Liên Chiểu | S85: Hộ chiếu Việt Nam
A86: 85 | B86: 2023 | C86: 2023 | D86: XAIYASING FIM | E86: 26/07/2005 | F86: Nam | G86: Lào | I86: Công nghệ Thông tin | J86: Công nghệ Thông tin | K86: D2504200 | L86: Khoa Toán - Tin, Trường ĐHSP | M86: K23 100% Công văn số 7049/UBND-SNG ngày 22/12/2022 | N86: PA0466793 | O86: Ký túc xá Trường Đại học Sư phạm | P86: AI 3504558 | R86: 46337 | S86: Gia hạn lúc tháng 11/25
A87: 86 | B87: 2023 | C87: 2023 | D87: TANVILAY KHAMCHANH | E87: 37613 | F87: Nam | G87: Lào | I87: Công nghệ Thông tin | J87: Công nghệ Thông tin | K87: D2504200 | L87: Khoa Toán - Tin, Trường ĐHSP | M87: K23 100% Công văn số 7045/UBND-SNG ngày 22/12/2022 | N87: P2391160 | O87: Ký túc xá Trường Đại học Sư phạm | P87: AI 3504557 | R87: 46337 | S87: Gia hạn lúc tháng 11/25
A88: 87 | B88: 2023 | C88: 2023 | D88: MANOTHAM KAIKHAM | E88: 18/10/2005 | F88: Nữ | G88: Lào | I88: Báo chí | J88: Báo chí | K88: D2504240 | L88: Khoa Ngữ văn - Truyền thông, Trường ĐHSP | M88: K23 100% Công văn số 7044/UBND-SNG ngày 22/12/2022 | N88: PA0470080 | O88: Ký túc xá Trường Đại học Sư phạm | P88: AI 3504678 | R88: 46337 | S88: Gia hạn lúc tháng 11/25
A89: 88 | B89: 2023 | C89: 2023 | D89: PHONGPHAPHEUNE PORLA | E89: 35923 | F89: Nữ | G89: Lào | I89: Sư phạm Vật lý | J89: Sư phạm Vật lý | K89: D2504210 | L89: Khoa Lý - Hóa, Trường ĐHSP | M89: K23 100% Công văn số 7045/UBND-SNG ngày 22/12/2022 | N89: PA0375644 | O89: Ký túc xá Trường Đại học Sư phạm | P89: AI 3504677 | R89: 46337 | S89: Gia hạn lúc tháng 11/25
A90: 89 | B90: 2023 | C90: 2023 | D90: SEESOUPHAN PATHOUMPHONE | E90: 37482 | F90: Nữ | G90: Lào | I90: Quản lý Tài nguyên và Môi trường | J90: Quản lý Tài nguyên và Môi trường | K90: D2504230 | L90: Khoa Sinh - Nông nghiệp - Môi trường, Trường ĐHSP | M90: K23 100% Công văn số 7045/UBND-SNG ngày 22/12/2022 | N90: PA0472216 | O90: Ký túc xá Trường Đại học Sư phạm | P90: AI 3504679 | R90: 46337 | S90: Gia hạn lúc tháng 11/25
A91: 90 | B91: 2023 | C91: 2023 | D91: PHETMEUANGNEUA THAO | E91: 38150 | F91: Nữ | G91: Lào | I91: Sư phạm Ngữ văn | J91: Sư phạm Ngữ văn | K91: D2504240 | L91: Khoa Ngữ văn - Truyền thông, Trường ĐHSP | M91: K23 100% Công văn số 6042/UBND-SNG ngày 02/11/2023 | N91: P 2470718 | O91: Ký túc xá Trường Đại học Sư phạm | P91: AI 2302705 | Q91: 45902 | R91: 25/02/2026 | S91: Gia hạn lúc tháng 3/2025
A92: 91 | B92: 2023 | C92: 2023 | D92: VANTHONG TANGSANGVONG | E92: 15/05/1999 | F92: Nam | G92: Lào | I92: Sư phạm Âm nhạc | J92: Sư phạm Âm nhạc | K92: D2504220 | L92: Khoa Giáo dục Nghệ thuật - Thể chất, Trường ĐHSP | M92: K23 100% Công văn số 7044/UBND-SNG ngày 22/12/2022 | N92: P 2424489 | O92: Ký túc xá Trường Đại học Sư phạm | P92: AI 2302383 | Q92: 44915 | R92: 45994 | S92: đang chờ trả visa
A93: 92 | B93: 2023 | C93: 2023 | D93: SAYTHONG IN SOMPHONE | E93: 38272 | F93: Nam | G93: Lào | I93: Công nghệ Thông tin | J93: Công nghệ Thông tin | K93: D2504200 | L93: Khoa Toán - Tin, Trường ĐHSP | M93: K23 50% Công văn số 107/UBND-SNG ngày 09/01/2023 | N93: PA037939 | O93: Ký túc xá Trường Đại học Sư phạm | P93: AI3504742 | Q93: 45786 | R93: 16/12/2026 | S93: Gia hạn lúc tháng 01/26
A94: 93 | B94: 2023 | C94: 2023 | D94: SOULICHANH SOUKTISONE | E94: 37758 | F94: Nam | G94: Lào | I94: Công nghệ Thông tin | J94: Công nghệ Thông tin | K94: D2504200 | L94: Khoa Toán - Tin, Trường ĐHSP | M94: K23 TPTT 100% CV 8194/UBND-SNG ngày 07/12/2021 | N94: PA 0372598 | O94: Ký túc xá Trường Đại học Sư phạm | P94: AI 3504680 | R94: 46337 | S94: Gia hạn lúc tháng 11/25
A95: 94 | B95: 2023 | C95: 2023 | D95: INTHAKOUMMAN PHETSANINDA | E95: 16/03/2005 | F95: Nữ | G95: Lào | I95: Công nghệ thông tin | J95: Công nghệ thông tin | K95: D2504200 | L95: Khoa Toán - Tin, Trường ĐHSP | M95: K23 100% Công văn số 7050/UBND-SNG ngày 22/12/2022 | N95: PA0467964 | O95: Ký túc xá Trường Đại học Sư phạm | P95: AI 3504559 | R95: 46337 | S95: Gia hạn lúc tháng 11/25
A96: 95 | B96: 2023 | C96: 2023 | D96: LATHONGSY MALAYLAK | E96: 38388 | F96: Nữ | G96: Lào | I96: Công nghệ thông tin | J96: Công nghệ thông tin | K96: D2504200 | L96: Khoa Toán - Tin, Trường ĐHSP | M96: K23 100% Công văn số 7050/UBND-SNG ngày 22/12/2022 | N96: PA0458763 | O96: Ký túc xá Trường Đại học Sư phạm | P96: AI 3504520 | R96: 46337 | S96: Gia hạn lúc tháng 11/25
A97: 96 | B97: 2024 | C97: 2024 | D97: HEUANGVONGSA PHITSAMAY | E97: 38670 | F97: Nam | G97: Lào | I97: Công nghệ thông tin | J97: Công nghệ thông tin | K97: D2504200 | L97: Khoa Toán - Tin, Trường ĐHSP | M97: HB TP ĐN | N97: PA 0436342 | O97: Kí túc xá Trường Đại học Sư pham- ĐHĐN | P97: AI 3504548 | R97: 18/10/2026 | S97: Gia hạn lúc tháng 10/25
A98: 97 | B98: 2024 | C98: 2024 | D98: HEUANGVONGSA SUTHAT | E98: 38387 | F98: Nam | G98: Lào | I98: Công nghệ thông tin | J98: Công nghệ thông tin | K98: D2504200 | L98: Khoa Toán - Tin, Trường ĐHSP | M98: HB TP ĐN | N98: P 2602205 | O98: Kí túc xá Trường Đại học Sư pham- ĐHĐN | P98: AI 3504545 | Q98: 45756 | R98: 18/10/2026 | S98: Gia hạn lúc tháng 10/25
A99: 98 | B99: 2024 | C99: 2024 | D99: KEOMANY CHANSAMONE | E99: 38523 | F99: Nam | G99: Lào | I99: Công nghệ thông tin | J99: Công nghệ thông tin | K99: D2504200 | L99: Khoa Toán - Tin, Trường ĐHSP | M99: HB TP ĐN | N99: P 2756759 | O99: Kí túc xá Trường Đại học Sư pham- ĐHĐN | P99: AI 3504551 | Q99: 31/8/2025 | R99: 18/10/2026 | S99: Gia hạn lúc tháng 10/25
A100: 99 | B100: 2024 | C100: 2024 | D100: KEOPHOXAY PHAEVA | E100: 38297 | F100: Nữ | G100: Lào | I100: Công nghệ thông tin | J100: Công nghệ thông tin | K100: D2504200 | L100: Khoa Toán - Tin, Trường ĐHSP | M100: HB TP ĐN | N100: P 2775099 | O100: Kí túc xá Trường Đại học Sư pham- ĐHĐN | P100: AI 3504533 | Q100: 31/8/2025 | R100: 18/10/2026 | S100: Gia hạn lúc tháng 10/25
...

Sheet GV_NCKH2025
A1: nckh_id | B1: nckh_name | C1: chu_nhiem_ten | D1: ten_xuly | E1: chu_nhiem_id | F1: don_vi_name | G1: don_vi_id | H1: kinhphi_pheduyet | I1: thoigian_batdau | J1: thoigian_ketthuc | K1: is_giahan | L1: thoigian_giahan | M1: trangthai_pheduyet | N1: trangthaiDeTai | O1: Năm nghiệm thu
A2: 04-10/HĐ-SKHCN | B2: Nghiên cứu mô hình chăm sóc sức khỏe tâm thần tại các trường THPT trên địa bàn Thành phố Đà Nẵng | C2: Lê Thị Lâm | D2: Lê Thị Lâm | E2: D2504260.120043 | F2: Khoa Tâm lý - Giáo dục - Công tác Xã hội, Trường ĐHSP | G2: D2504260 | H2: 989,431,000.00 đ | M2: Đã phê duyệt
A3: 503.01-2024.02 02/2025/VI/HĐXH | B3: Phát triển năng lực số và sử dụng trí tuệ nhân tạo trong dạy học và đánh giá cho sinh viên sư phạm và giáo viên trong bối cảnh hiện nay | C3: Trần Văn Hưng | D3: Trần Văn Hưng | E3: D2504270.211090 | F3: Khoa Toán - Tin, Trường ĐHSP | G3: D2504200 | H3: 1,150,000,000.00 đ | I3: 45731 | J3: 46460 | M3: Đã phê duyệt
A4: 506.01-2024.15 06/2025/I/HĐXH | B4: Ngoại giao cảnh sát biển của Hoa Kỳ và Nhật Bản ở khu vực Đông Nam Á trong những thập niên đầu thế kỷ XXI và hàm ý chính sách đối với Việt Nam | C4: Nguyễn Văn Sang | D4: Nguyễn Văn Sang | E4: D2504240.100116 | F4: Phòng Khoa học - Công nghệ thông tin - Hợp tác quốc tế - Trường ĐHSP | G4: D2504050 | H4: 1,000,000,000.00 đ | I4: 45731 | J4: 46826 | M4: Đã phê duyệt
A5: 503.01-2025.11 | B5: GIÁO DỤC ĐA VĂN HÓA TRÊN NỀN TẢNG SỐ Ở VIỆT NAM | C5: Nguyễn Thu Trang | D5: Nguyễn Thu Trang | E5: D2504320.210202 | F5: Khoa Ngữ văn - Truyền thông, Trường ĐHSP | G5: D2504240 | H5: 1,087,000,000.00 đ | I5: 45988 | J5: 47084 | M5: Đã phê duyệt
A6: 602.04-2025.13 | B6: Ký ức, công nghệ và bản thể: Diễn ngôn Posthumanism trong văn học khoa học viễn tưởng Đông Á đương đại | C6: Nguyễn Phương Khánh | D6: Nguyễn Phương Khánh | E6: D2504320.050008 | F6: Khoa Ngữ văn - Truyền thông, Trường ĐHSP | G6: D2504240 | H6: 800,000,000.00 đ | I6: 45988 | J6: 47084 | M6: Đã phê duyệt
A7: NCUD.01-2025.14 | B7: Nghiên cứu phát triển công nghệ chế tạo các vật liệu composite tiên tiến nền ferrite/vật liệu dẫn điện định hướng ứng dụng làm lớp hấp thụ sóng radar và che chắn nhiễu sóng điện từ băng tần X và Ku | C7: Nguyễn Quý Tuấn | D7: Nguyễn Quý Tuấn | E7: D2504210.070035 | F7: Khoa Lý - Hóa, Trường ĐHSP | G7: D2504210 | H7: 1,766,000,000.00 đ | I7: 45992 | J7: 47087 | M7: Đã phê duyệt
A8: NCUD.10-2025.05 | B8: Giải pháp tăng cường khả năng tiếp cận giáo dục cho trẻ khuyết tật khu vực Miền Trung – Tây Nguyên. | C8: Lê Thị Duyên | D8: Lê Thị Duyên | E8: D2504260.211089 | F8: Khoa Tâm lý - Giáo dục - Công tác Xã hội, Trường ĐHSP | G8: D2504260 | H8: 2,270,000,000.00 đ | I8: 45988 | J8: 47084 | M8: Đã phê duyệt
A9: NCUD.12-2025.06 | B9: Giá trị văn hóa gốm thủ công Nam Trung Bộ và ứng dụng trong phát triển bền vững văn hóa – du lịch | C9: Nguyễn Minh Phương | D9: Nguyễn Minh Phương | E9: D2504240.050077 | F9: Khoa Sử - Địa - Chính trị, Trường ĐHSP | G9: D2504270 | H9: 1,675,000,000.00 đ | I9: 45988 | J9: 47084 | M9: Đã phê duyệt
A10: 104.06-2025.04 | B10: Thiết kế và nghiên cứu cơ chế phản ứng hydrogen hóa CO2 trên các phức kim loại chuyển tiếp chứa phối tử pincer tích hợp acid Lewis thứ cấp bằng phương pháp hóa tính toán | C10: Nguyễn Minh Thông | D10: Nguyễn Minh Thông | E10: D2506000.130058 | F10: Khoa Lý - Hóa, Trường ĐHSP | G10: D2504210 | H10: 1,254,000,000.00 đ | I10: 45992 | J10: 47087 | M10: Đã phê duyệt
A11: 104.06-2025.166 | B11: Nghiên cứu thiết kế và sàng lọc cảm biến huỳnh quang phân tử phát hiện chọn lọc ion kim loại nặng bằng phương pháp hóa học tính toán | C11: Mai Văn Bảy | D11: Mai Văn Bảy | E11: D2504220.100013 | F11: Khoa Lý - Hóa, Trường ĐHSP | G11: D2504210 | H11: 1,058,000,000.00 đ | I11: 46021 | J11: 47116 | M11: Đã phê duyệt
A12: 103.02-2025.122 | B12: Nghiên cứu hiệu chỉnh cấu trúc điện tử vật liệu nano 2D định hướng ứng dụng trong công nghệ sản xuất hydrogen xanh. | C12: Nguyễn Đình Chương | D12: Nguyễn Đình Chương | E12: D2504220.090082 | F12: Khoa Lý - Hóa, Trường ĐHSP | G12: D2504210 | H12: 1,800,000,000.00 đ | I12: 46021 | J12: 47116 | M12: Đã phê duyệt
A13: 106.02-2025.179 | B13: Phân tích so sánh hệ gen nhằm xác định các gen mục tiêu trong con đường sinh tổng hợp và tích lũy lipid ở các chủng vi tảo lục (Chlorophyta) bản địa Việt Nam | C13: Nguyễn Minh Lý | D13: Nguyễn Minh Lý | E13: D2504230.201504 | F13: Khoa Sinh - Nông nghiệp - Môi trường, Trường ĐHSP | G13: D2504230 | H13: 1,646,000,000.00 đ | I13: 46021 | J13: 47116 | M13: Đã phê duyệt
A14: 106.01-2025.196 | B14: Phát triển kỹ thuật real-time PCR ứng dụng chỉ thị gen độc tố đặc hiệu cho hệ thống cảnh báo sớm tảo Lam độc trong nuôi trồng thủy sản và hồ chứa nước ngọt | C14: Bùi Thị Như Quỳnh | D14: Bùi Thị Như Quỳnh | E14: D2504230.250101 | F14: Khoa Sinh - Nông nghiệp - Môi trường, Trường ĐHSP | G14: D2504230 | H14: 1,740,000,000.00 đ | I14: 46021 | J14: 47116 | M14: Đã phê duyệt
... A35: T2025-LK-04 | B35: Đánh giá mức độ tích hợp năng lực thông tin truyền thông trong chương trình Ngữ văn hiện hành theo khung tham chiếu của UNESCO | C35: TS. Lê Thị Thanh Tịnh | D35: Lê Thị Thanh Tịnh | E35: D2504320.120114 | F35: Khoa Ngữ văn - Truyền thông, Trường ĐHSP | G35: D2504240 | H35: 35,000,000.00 đ | I35: 45731 | J35: 46095 | M35: Đã phê duyệt

Sheet GV_NCKH2025ChiTiet
A1: stt | B1: detai_id | C1: sinh_vien_ma | D1: nv_id | E1: donvi_ten | F1: donvi_id | G1: vai_tro | H1: nam | I1: gio_nckh
A2: 1 | B2: B2025.DNA.01 | D2: D2509000.060023 | E2: Ban Giám hiệu - Trường ĐHSP | F2: D2504010 | G2: Chủ nhiệm | H2: 2025
A3: 2 | B3: B2025.DNA.01 | C3: 3110117001 | G3: Thành viên | H3: 2025
A4: 3 | B4: B2025.DNA.01 | C4: 3110117002 | G4: Thành viên | H4: 2025
A5: 4 | B5: B2025.DNA.01 | C5: 3110117003 | G5: Thành viên | H5: 2025
A6: 5 | B6: B2025.DNA.02 | D6: D2504210.070086 | E6: Ban Giám hiệu - Trường ĐHSP | F6: D2504010 | G6: Chủ nhiệm | H6: 2025
A7: 6 | B7: B2025.DNA.02 | C7: 3110117004 | G7: Thành viên | H7: 2025
A8: 7 | B8: B2025.DNA.02 | C8: 3110117005 | G8: Thành viên | H8: 2025
A9: 8 | B9: B2025.DNA.02 | C9: 3110117006 | G9: Thành viên | H9: 2025
A10: 9 | B10: B2025.DNA.03 | D10: D2504230.000403 | E10: Ban Giám hiệu - Trường ĐHSP | F10: D2504010 | G10: Chủ nhiệm | H10: 2025
A11: 10 | B11: B2025.DNA.03 | C11: 3110117007 | G11: Thành viên | H11: 2025
A12: 11 | B12: B2025.DNA.03 | C12: 3110117008 | G12: Thành viên | H12: 2025
A13: 12 | B13: B2025.DNA.03 | C13: 3110117009 | G13: Thành viên | H13: 2025
A14: 13 | B14: B2025.DNA.04 | D14: D2504200.000069 | E14: Ban Giám hiệu - Trường ĐHSP | F14: D2504010 | G14: Chủ nhiệm | H14: 2025
A15: 14 | B15: B2025.DNA.04 | C15: 3110117010 | G15: Thành viên | H15: 2025
A16: 15 | B16: B2025.DNA.04 | C16: 3110117011 | G16: Thành viên | H16: 2025
A17: 16 | B17: B2025.DNA.04 | C17: 3110117012 | G17: Thành viên | H17: 2025
A18: 17 | B18: B2025.DNA.05 | D18: D2504510.211085 | E18: Phòng Đào tạo - Trường ĐHSP | F18: D2504030 | G18: Chủ nhiệm | H18: 2025
A19: 18 | B19: B2025.DNA.05 | C19: 3110117013 | G19: Thành viên | H19: 2025
A20: 19 | B20: B2025.DNA.05 | C20: 3110117014 | G20: Thành viên | H20: 2025
A21: 20 | B21: B2025.DNA.05 | C21: 3110117015 | G21: Thành viên | H21: 2025
A22: 21 | B22: B2025.DNA.06 | D22: D2504230.130082 | E22: Phòng Đào tạo - Trường ĐHSP | F22: D2504030 | G22: Chủ nhiệm | H22: 2025
A23: 22 | B23: B2025.DNA.06 | C23: 3110117001 | G23: Thành viên | H23: 2025
A24: 23 | B24: B2025.DNA.06 | C24: 3110117002 | G24: Thành viên | H24: 2025
A25: 24 | B25: B2025.DNA.06 | C25: 3110117003 | G25: Thành viên | H25: 2025
A26: 25 | B26: B2025.DNA.07 | D26: D2504230.211098 | E26: Phòng Đào tạo - Trường ĐHSP | F26: D2504030 | G26: Chủ nhiệm | H26: 2025
A27: 26 | B27: B2025.DNA.07 | C27: 3110117004 | G27: Thành viên | H27: 2025
A28: 27 | B28: B2025.DNA.07 | C28: 3110117005 | G28: Thành viên | H28: 2025
A29: 28 | B29: B2025.DNA.07 | C29: 3110117006 | G29: Thành viên | H29: 2025
A30: 29 | B30: B2025.DNA.08 | D30: D2504030.315253 | E30: Phòng Đào tạo - Trường ĐHSP | F30: D2504030 | G30: Chủ nhiệm | H30: 2025
A31: 30 | B31: B2025.DNA.08 | C31: 3110117007 | G31: Thành viên | H31: 2025
A32: 31 | B32: B2025.DNA.08 | C32: 3110117008 | G32: Thành viên | H32: 2025
A33: 32 | B33: B2025.DNA.08 | C33: 3110117009 | G33: Thành viên | H33: 2025
A34: 33 | B34: B2025.DNA.09 | D34: D2501120.211158 | E34: Phòng Đào tạo - Trường ĐHSP | F34: D2504030 | G34: Chủ nhiệm | H34: 2025
A35: 34 | B35: B2025.DNA.09 | C35: 3110117010 | G35: Thành viên | H35: 2025
A36: 35 | B36: B2025.DNA.09 | C36: 3110117011 | G36: Thành viên | H36: 2025
A37: 36 | B37: B2025.DNA.09 | C37: 3110117012 | G37: Thành viên | H37: 2025
A38: 37 | B38: B2025.DNA.10 | D38: D2504030.000498 | E38: Phòng Đào tạo - Trường ĐHSP | F38: D2504030 | G38: Chủ nhiệm | H38: 2025
A39: 38 | B39: B2025.DNA.10 | C39: 3110117013 | G39: Thành viên | H39: 2025
A40: 39 | B40: B2025.DNA.10 | C40: 3110117014 | G40: Thành viên | H40: 2025
A41: 40 | B41: B2025.DNA.10 | C41: 3110117015 | G41: Thành viên | H41: 2025
A42: 41 | B42: B2025.DNA.11 | D42: D2504500.000032 | E42: Phòng Đào tạo - Trường ĐHSP | F42: D2504030 | G42: Chủ nhiệm | H42: 2025
A43: 42 | B43: B2025.DNA.11 | C43: 3110117001 | G43: Thành viên | H43: 2025
A44: 43 | B44: B2025.DNA.11 | C44: 3110117002 | G44: Thành viên | H44: 2025
A45: 44 | B45: B2025.DNA.11 | C45: 3110117003 | G45: Thành viên | H45: 2025
A46: 45 | B46: B2025.DNA.12 | D46: D2501120.211159 | E46: Phòng Đào tạo - Trường ĐHSP | F46: D2504030 | G46: Chủ nhiệm | H46: 2025
A47: 46 | B47: B2025.DNA.12 | C47: 3110117004 | G47: Thành viên | H47: 2025
A48: 47 | B48: B2025.DNA.12 | C48: 3110117005 | G48: Thành viên | H48: 2025
A49: 48 | B49: B2025.DNA.12 | C49: 3110117006 | G49: Thành viên | H49: 2025
A50: 49 | B50: B2025.DNA.13 | D50: D2504030.210110 | E50: Phòng Đào tạo - Trường ĐHSP | F50: D2504030 | G50: Chủ nhiệm | H50: 2025
A51: 50 | B51: B2025.DNA.13 | C51: 3110117007 | G51: Thành viên | H51: 2025
A52: 51 | B52: B2025.DNA.13 | C52: 3110117008 | G52: Thành viên | H52: 2025
A53: 52 | B53: B2025.DNA.13 | C53: 3110117009 | G53: Thành viên | H53: 2025
A54: 53 | B54: B2025.DNA.14 | D54: D2504220.070102 | E54: Phòng Đào tạo - Trường ĐHSP | F54: D2504030 | G54: Chủ nhiệm | H54: 2025
A55: 54 | B55: B2025.DNA.14 | C55: 3110117010 | G55: Thành viên | H55: 2025
A56: 55 | B56: B2025.DNA.14 | C56: 3110117011 | G56: Thành viên | H56: 2025
A57: 56 | B57: B2025.DNA.14 | C57: 3110117012 | G57: Thành viên | H57: 2025
A58: 57 | B58: B2025.DNA.15 | D58: D2504220.090075 | E58: Phòng Đào tạo - Trường ĐHSP | F58: D2504030 | G58: Chủ nhiệm | H58: 2025
A59: 58 | B59: B2025.DNA.15 | C59: 3110117013 | G59: Thành viên | H59: 2025
A60: 59 | B60: B2025.DNA.15 | C60: 3110117014 | G60: Thành viên | H60: 2025
A61: 60 | B61: B2025.DNA.15 | C61: 3110117015 | G61: Thành viên | H61: 2025
A62: 61 | B62: B2025.DNA.16 | D62: D2504511.120063 | E62: Phòng Đào tạo - Trường ĐHSP | F62: D2504030 | G62: Chủ nhiệm | H62: 2025
A63: 62 | B63: B2025.DNA.16 | C63: 3110117001 | G63: Thành viên | H63: 2025
A64: 63 | B64: B2025.DNA.16 | C64: 3110117002 | G64: Thành viên | H64: 2025
A65: 64 | B65: B2025.DNA.16 | C65: 3110117003 | G65: Thành viên | H65: 2025
A66: 65 | B66: B2025.DNA.17 | D66: D2504500.000527 | E66: Phòng Đào tạo - Trường ĐHSP | F66: D2504030 | G66: Chủ nhiệm | H66: 2025
A67: 66 | B67: B2025.DNA.17 | C67: 3110117004 | G67: Thành viên | H67: 2025
A68: 67 | B68: B2025.DNA.17 | C68: 3110117005 | G68: Thành viên | H68: 2025
A69: 68 | B69: B2025.DNA.17 | C69: 3110117006 | G69: Thành viên | H69: 2025
A70: 69 | B70: B2025.DNA.18 | D70: D2504500.000505 | E70: Phòng Đào tạo - Trường ĐHSP | F70: D2504030 | G70: Chủ nhiệm | H70: 2025
A71: 70 | B71: B2025.DNA.18 | C71: 3110117007 | G71: Thành viên | H71: 2025
A72: 71 | B72: B2025.DNA.18 | C72: 3110117008 | G72: Thành viên | H72: 2025
A73: 72 | B73: B2025.DNA.18 | C73: 3110117009 | G73: Thành viên | H73: 2025
A74: 73 | B74: B2025.DNA.19 | D74: D2504030.220114 | E74: Phòng Đào tạo - Trường ĐHSP | F74: D2504030 | G74: Chủ nhiệm | H74: 2025
A75: 74 | B75: B2025.DNA.19 | C75: 3110117010 | G75: Thành viên | H75: 2025
A76: 75 | B76: B2025.DNA.19 | C76: 3110117011 | G76: Thành viên | H76: 2025
A77: 76 | B77: B2025.DNA.19 | C77: 3110117012 | G77: Thành viên | H77: 2025
A78: 77 | B78: B2025.DNA.20 | D78: D2504270.190212 | E78: Phòng Đào tạo - Trường ĐHSP | F78: D2504030 | G78: Chủ nhiệm | H78: 2025
A79: 78 | B79: B2025.DNA.20 | C79: 3110117013 | G79: Thành viên | H79: 2025
A80: 79 | B80: B2025.DNA.20 | C80: 3110117014 | G80: Thành viên | H80: 2025
A81: 80 | B81: B2025.DNA.20 | C81: 3110117015 | G81: Thành viên | H81: 2025
A82: 81 | B82: B2025.DNA.21 | D82: D2504510.170303 | E82: Phòng Đào tạo - Trường ĐHSP | F82: D2504030 | G82: Chủ nhiệm | H82: 2025
A83: 82 | B83: B2025.DNA.21 | C83: 3110117001 | G83: Thành viên | H83: 2025
A84: 83 | B84: B2025.DNA.21 | C84: 3110117002 | G84: Thành viên | H84: 2025
A85: 84 | B85: B2025.DNA.21 | C85: 3110117003 | G85: Thành viên | H85: 2025
A86: 85 | B86: B2025.DNA.22 | D86: D2504040.170501 | E86: Phòng Kế hoạch - Tài chính - Trường ĐHSP | F86: D2504040 | G86: Chủ nhiệm | H86: 2025
A87: 86 | B87: B2025.DNA.22 | C87: 3110117004 | G87: Thành viên | H87: 2025
A88: 87 | B88: B2025.DNA.22 | C88: 3110117005 | G88: Thành viên | H88: 2025
A89: 88 | B89: B2025.DNA.22 | C89: 3110117006 | G89: Thành viên | H89: 2025
A90: 89 | B90: B2025.DNA.23 | D90: D2504230.000525 | E90: Phòng Kế hoạch - Tài chính - Trường ĐHSP | F90: D2504040 | G90: Chủ nhiệm | H90: 2025
A91: 90 | B91: B2025.DNA.23 | C91: 3110117007 | G91: Thành viên | H91: 2025
A92: 91 | B92: B2025.DNA.23 | C92: 3110117008 | G92: Thành viên | H92: 2025
A93: 92 | B93: B2025.DNA.23 | C93: 3110117009 | G93: Thành viên | H93: 2025
A94: 93 | B94: B2025.DNA.24 | D94: D2504020.000520 | E94: Phòng Kế hoạch - Tài chính - Trường ĐHSP | F94: D2504040 | G94: Chủ nhiệm | H94: 2025
A95: 94 | B95: B2025.DNA.24 | C95: 3110117010 | G95: Thành viên | H95: 2025
A96: 95 | B96: B2025.DNA.24 | C96: 3110117011 | G96: Thành viên | H96: 2025
A97: 96 | B97: B2025.DNA.24 | C97: 3110117012 | G97: Thành viên | H97: 2025
A98: 97 | B98: B2025.DNA.25 | D98: D2504040.302257 | E98: Phòng Kế hoạch - Tài chính - Trường ĐHSP | F98: D2504040 | G98: Chủ nhiệm | H98: 2025
A99: 98 | B99: B2025.DNA.25 | C99: 3110117013 | G99: Thành viên | H99: 2025
A100: 99 | B100: B2025.DNA.25 | C100: 3110117014 | G100: Thành viên | H100: 2025
...

Sheet DMNHanSu
A1: nv_hoten | B1: nv_id | C1: nv_ngaysinh | D1: nv_gioitinh | E1: donvi_name | F1: donvi_ma | G1: nv_soBHXH | H1: nv_honnhan | I1: nv_soCCCD | J1: nv_noicap | K1: nv_ngaycap | L1: nv_quequan | M1: nv_noisinh | N1: nv_thuongtru | O1: nv_noiohiennay | P1: nv_sdt | Q1: nv_email | R1: nv_tongiao | S1: nv_uutienGD | T1: nv_ngaytuyendung | U1: nv_ngaybanngach | V1: nv_coquantiepnhan | W1: nv_viec_tuyendung | X1: nv_loaicanbo | Y1: nv_viec_hiennay | Z1: nv_nghiBHXH | AA1: nv_chucvu | AB1: nv_ngaybonhiem | AC1: nv_chucvu_coquankiemnhiem | AD1: nv_chucvu_coquancao nhat | AE1: nv_ngayvaodang | AF1: nv_chucvudang | AG1: nv_doanvien | AH1: nv_chuyenmon | AI1: nv_khoinganh | AJ1: nv_linhvuc | AK1: nv_chuyennganh | AL1: nv_chức danh | AM1: nv_noidaotao | AN1: nv_hinhthucdaotao_id | AO1: nv_quocgiadaotao | AP1: nv_cosodaotao | AQ1: nv_namtotnghiep | AR1: nv_trinhdochinhtri | AS1: nv_trinhdoqlnn | AT1: nv_trinhdotinhoc | AU1: nv_danhhieu | AV1: nv_namcongnhan | AW1: nv_hocham | AX1: nv_huong85 | AY1: nv_loaichucdanh | AZ1: nv_batluong | BA1: nv_hsluong
A2: Đinh Thị Mỹ Hạnh | B2: D2509000.060023 | C2: 30606 | D2: Nữ | E2: Ban Giám hiệu - Trường ĐHSP | F2: D2504010 | G2: 4808004749 | H2: Có gia đình | I2: 48183000575 | J2: Cục Cảnh sát QLHC về TTXH | K2: 2/28/2024 | L2: Thượng Long - Thuỷ Nguyên - | M2: Cẩm lệ, Đà Nẵng | N2: số 63 Lý Nhân Tông, Khuê Trung, Cẩm Lệ, Đà Nẵng | O2: số 63 Lý Nhân Tông, Khuê Trung, Cẩm Lệ, Đà Nẵng | P2: 906755553 | Q2: dtmhanh@ac.udn.vn | R2: Mường | T2: 39091 | U2: 39624 | V2: Trường Cao đẳng Công nghệ Thông tin | W2: Cán bộ giảng dạy kiêm quản lý | X2: Biên chế CC,VC | Y2: Giảng viên | AA2: Phó Hiệu trưởng | AB2: 1/17/2025 | AD2: Trưởng ban Ban Công tác Sinh viên, Quan hệ doanh nghiệp và Truyền thông | AE2: 4/18/2006 | AF2: UV BCH Đảng bộ Cơ quan ĐHĐN | AG2: 0 | AH2: Tiến sỹ | AI2: V | AJ2: Máy tính và công nghệ thông tin | AK2: Lý luận và Phương pháp dạy học | AL2: Giảng viên chính (hạng II) | AN2: Chính quy | AO2: Việt Nam | AP2: Đại học Bách khoa Hà Nội | AQ2: 2024 | AR2: Trung cấp | AT2: Chứng chỉ Nghiệp vụ sư phạm | AU2: Thạc sỹ | AW2: Tiến sỹ | AX2: 0 | AY2: Viên chức loại A2 - nhóm 1 | AZ2: 2 | BA2: 4.74
A3: Nguyễn Văn Hiếu | B3: D2504210.070086 | C3: 30237 | D3: Nam | E3: Ban Giám hiệu - Trường ĐHSP | F3: D2504010 | G3: 4812039456 | H3: Có gia đình | I3: 42082005737 | J3: Cục Cảnh sát Quản lý hành chính về trật tự xã hội | K3: 6/28/2021 | L3: Xuân Hội, Nghi Xuân - - Hà Tĩnh | M3: Xuân Hội, Nghi Xuân, Hà Tĩnh | N3: 37 Hà Xuân, Chính Gián, Thanh Khê, Đà Nẵng | O3: 37 Hà Xuân, Chính Gián, Thanh Khê, Đà Nẵng | P3: 983633596 | Q3: nvhieu@ued.udn.vn | R3: Kinh | T3: 38733 | U3: 39448 | V3: Trường ĐHSP - ĐHĐN | W3: Giảng viên | X3: HĐ không xác định thời hạn | Y3: Cán bộ giảng dạy kiêm quản lý | AA3: Phó Hiệu trưởng | AB3: 4/15/2024 | AC3: Phụ trách, điều hành Khoa GDMN (25/6/2024); Trưởng Bộ môn Vật lý lý thuyết (ngày 06/5/2020 - hết ngày 05/5/2025) | AD3: Trưởng khoa Khoa Vật lý (23/3/2020) | AE3: 8/16/2010 | AG3: 1 | AH3: Tiến sỹ | AI3: IV | AJ3: Khoa học tự nhiên | AK3: Vật lý lý thuyết và Vật lý toán | AL3: Giảng viên cao cấp (hạng I) | AM3: Trường ĐH Khoa học tự nhiên (ĐHQGHN) | AN3: Chính quy | AO3: Việt Nam | AP3: 75 | AQ3: 2013 | AR3: Cao cấp | AT3: Chứng chỉ Nghiệp vụ sư phạm | AU3: Trình độ C | AV3: 2017 | AW3: Phó giáo sư | AX3: 0 | AY3: Viên chức loại A3 - nhóm 1 | AZ3: 3 | BA3: 6.92
A4: Võ Văn Minh | B4: D2504230.000403 | C4: 27964 | D4: Nam | E4: Ban Giám hiệu - Trường ĐHSP | F4: D2504010 | G4: 402001276 | H4: Có gia đình | I4: 51076018881 | J4: Cục Cảnh sát Quản lý hành chính về trật tự xã hội | K4: 11/22/2022 | L4: Bình Phước - Bình Sơn - Quảng Ngãi | M4: Bình Phước, Bình Sơn, Quảng Ngãi | N4: 27 Đồng Trí 3, Hòa Khánh Nam, Liên Chiểu, Đà Nẵng | O4: 27 Đồng Trí 3, Hòa Khánh Nam, Liên Chiểu, Đà Nẵng | P4: 905234706 | Q4: vvminh@ued.udn.vn | R4: Kinh | S4: Gia đình thương binh | T4: 36416 | U4: 36900 | V4: Trường Đại học Sư phạm ĐHĐN | W4: Cán bộ giảng dạy kiêm quản lý | X4: HĐ không xác định thời hạn | AA4: Hiệu trưởng | AB4: 45292 | AC4: Điều hành Khoa Giáo dục Mầm non (610/QĐ-ĐHSP, 14/4/2020) | AD4: Chủ tịch Hội đồng trường, Phó Hiệu trưởng, Giám đốc Trung tâm Hỗ trợ Sinh viên và Quan hệ doanh nghiệp,Trưởng phòng Đào tạo, Trưởng khoa Sinh - Môi trường | AE4: 12/13/2001 | AG4: 1 | AH4: Tiến sỹ | AI4: VII | AJ4: Môi trường và bảo vệ môi trường | AK4: Khoa học Môi trường | AL4: Giảng viên cao cấp (hạng I) | AM4: Trường ĐH Khoa học tự nhiên (ĐHQGHN) | AN4: Chính quy | AO4: Việt Nam | AP4: 75 | AQ4: 2010 | AR4: Cao cấp | AU4: Kỹ thuật viên | AV4: 2015 | AW4: Phó giáo sư | AX4: 0 | AY4: Viên chức loại A3 - nhóm 1 | AZ4: 4 | BA4: 7.28
A5: Phan Đức Tuấn | B5: D2504200.000069 | C5: 27990 | D5: Nam | E5: Ban Giám hiệu - Trường ĐHSP | F5: D2504010 | G5: 402001322 | H5: Có gia đình | I5: 49076015697 | J5: Cục Cảnh sát Quản lý hành chính về trật tự xã hội | K5: 6/28/2021 | L5: Bình Dương, Thăng Bình - - Quảng Nam | M5: Bình Dương, Thăng Bình, Quảng Nam | N5: Số 24 Nguyễn Đỗ Mục, Khuê Trung, Cẩm Lệ, Đà Nẵng | O5: Số 24 Nguyễn Đỗ Mục, Khuê Trung, Cẩm Lệ, Đà Nẵng | P5: 916804202 | Q5: pdtuan@ued.udn.vn | R5: Kinh | T5: 36171 | U5: 36901 | V5: Trường ĐHSP - ĐHĐN | W5: Giảng viên | X5: HĐ không xác định thời hạn | Y5: Cán bộ giảng dạy kiêm quản lý | AA5: Phó Hiệu trưởng | AB5: 44930 | AD5: Trưởng phòng Đào tạo, Trưởng khoa Toán | AE5: 39114 | AG5: 1 | AH5: Tiến sỹ | AI5: I | AJ5: Khoa học giáo dục và đào tạo giáo viên | AK5: Toán Giải tích | AL5: Giảng viên chính (hạng II) | AM5: Trường ĐH Khoa học tự nhiên (ĐHQGHN) | AN5: Chính quy | AO5: Việt Nam | AP5: 75 | AQ5: 2013 | AR5: Cao cấp | AT5: Chứng chỉ Nghiệp vụ sư phạm | AU5: Trình độ A | AV5: 0 | AW5: Tiến sỹ | AX5: 0 | AY5: Viên chức loại A2 - nhóm 1 | AZ5: 3 | BA5: 46239
A6: Đàm Minh Anh | B6: D2504510.211085 | C6: 32487 | D6: Nam | E6: Phòng Đào tạo - Trường ĐHSP | F6: D2504030 | G6: 4608002127 | H6: Có gia đình | I6: 34083020960 | J6: Cục Cảnh sát Quản lý hành chính về trật tự xã hội | K6: 7/24/2023 | L6: Đông Phương, Đông Hưng - - Thái Bình | M6: Đông Phương, Đông Hưng, Thái Bình | N6: 24 Đồng Bài 1, Hòa Khánh Bắc, Liên Chiểu, Đà Nẵng | O6: 24 Đồng Bài 1, Hòa Khánh Bắc, Liên Chiểu, Đà Nẵng | P6: 983556083 | Q6: ttanh@ued.udn.vn | R6: Kinh | T6: 41640 | U6: 42005 | V6: Trường ĐHSP - ĐHĐN | W6: Chuyên viên | X6: HĐ không xác định thời hạn | AA6: Phó Trưởng phòng | AB6: 3/21/2025 | AC6: Giám đốc Trung tâm Tin học Trường ĐHSP - ĐHĐN | AD6: Trưởng phòng KT-BĐCL | AE6: 7/16/2013 | AG6: 1 | AH6: Thạc sỹ | AI6: I | AJ6: Khoa học giáo dục và đào tạo giáo viên | AK6: Đo lường và đánh giá trong giáo dục | AL6: Giảng viên (hạng III) | AN6: Chính quy | AO6: Việt Nam | AP6: Trường Đại học Giáo dục - Đại học Quốc gia Hà Nội | AQ6: 2023 | AR6: Trung cấp | AS6: Chuyên viên | AU6: Chuẩn kỹ năng CNTT cơ bản | AV6: 0 | AW6: Thạc sỹ | AX6: 0 | AY6: Viên chức loại A1 | AZ6: 5 | BA6: 3.66
A7: Nguyễn Thị Xuân Ánh | B7: D2504230.130082 | C7: 31722 | D7: Nữ | E7: Phòng Đào tạo - Trường ĐHSP | F7: D2504030 | G7: 4814009042 | H7: Có gia đình | I7: 48186001781 | J7: Cục Cảnh sát Quản lý hành chính về trật tự xã hội | K7: 6/28/2021 | L7: Hòa Tiến, Hòa Vang - - Đà Nẵng | M7: Đà Nẵng | N7: K748A/7 Trần Cao Vân, Thanh Khê, Đà Nẵng | O7: Khu Tập thể Lữ đoàn 532, Hòa Khánh Nam, Liên Chiểu, Đà Nẵng | P7: 935501109 | Q7: ntxanh@ued.udn.vn | R7: Kinh | T7: 40553 | U7: 40918 | V7: Trường ĐHSP - ĐHĐN | W7: Chuyên viên | X7: HĐ không xác định thời hạn | Y7: Văn thư khoa | AB7: 0000-00-00 | AE7: 0000-00-00 | AG7: 1 | AH7: Đại học | AI7: III | AJ7: Kinh doanh và quản lý | AK7: Kế toán tài chính | AL7: Chuyên viên | AM7: Trường Đại học Kinh tế - Đại học Đà Nẵng | AN7: Chính quy | AO7: Việt Nam | AP7: 806 | AQ7: 2012 | AS7: Chuyên viên | AU7: Trình độ A | AV7: 0 | AW7: Đại học | AX7: 0 | AY7: Công chức loại A1 | AZ7: 4 | BA7: 3.33
A8: Trịnh Thế Anh | B8: D2504230.211098 | C8: 30536 | D8: Nam | E8: Phòng Đào tạo - Trường ĐHSP | F8: D2504030 | G8: 4811044773 | H8: Có gia đình | I8: 44088000371 | J8: Cục Cảnh sát Quản lý hành chính về trật tự xã hội | K8: 12/27/2021 | L8: Quảng Châu, Quảng Trạch - - Quảng Bình | M8: Quảng Châu, Quảng Trạch, Quảng Bình | N8: Thôn Hạ Lý, Quảng Châu, Quảng Trạch, Quảng Bình | O8: Tổ 42, Hòa Minh, Liên Chiểu, Đà Nẵng | P8: 901950505 | Q8: dmanh@ued.udn.vn | R8: Kinh | T8: 40553 | U8: 40918 | V8: Trường ĐHSP - ĐHĐN | W8: Giảng viên | X8: HĐ không xác định thời hạn | AA8: Phó Trưởng phòng | AB8: 45266 | AC8: Phó Bí thư Đoàn trường | AE8: 7/30/2009 | AG8: 1 | AH8: Tiến sỹ | AI8: I | AJ8: Khoa học giáo dục và đào tạo giáo viên | AK8: Sinh thái học | AL8: Giảng viên (hạng III) | AM8: Đại học Đà Nẵng | AN8: Chính quy | AO8: Việt Nam | AP8: 800 | AQ8: 2013 | AR8: Trung cấp | AU8: Trình độ C | AV8: 0 | AW8: Tiến sỹ | AX8: 0 | AY8: Viên chức loại A1 | AZ8: 5 | BA8: 3.66
A9: Lê Anh Bảo Châu | B9: D2504030.315253 | C9: 36825 | D9: Nữ | E9: Phòng Đào tạo - Trường ĐHSP | F9: D2504030 | G9: 4820445811 | H9: Độc thân | I9: 48300005343 | J9: Cục QLHC về TTXH | K9: 44474 | L9: - Phú Vang - Thừa Thiên - Huế | M9: Trung tâm y tế quận Hải Châu | N9: k18, H28/16 Đường Phan Kế Bính, Hải Châu, Đà Nẵng | O9: k18, H28/16 Đường Phan Kế Bính, Hải Châu, Đà Nẵng | P9: 934976504 | Q9: labchau@ued.udn.vn | R9: Kinh | T9: 45658 | U9: 46023 | W9: Chuyên viên | X9: HĐ xác định thời hạn (1-5 năm) | AG9: 0 | AH9: Đại học | AI9: V | AJ9: Máy tính và công nghệ thông tin | AK9: Công nghệ thông tin | AL9: Chuyên viên | AN9: Chính quy | AO9: Việt Nam | AP9: Trường Đại học Sư phạm - Đại học Đà Nẵng | AU9: Đại học | AW9: Đại học | AX9: 0 | AY9: Công chức loại A1 | AZ9: 1 | BA9: 2.34
A10: Phạm Thị Ngọc Diệu | B10: D2501120.211158 | C10: 31560 | D10: Nữ | E10: Phòng Đào tạo - Trường ĐHSP | F10: D2504030 | G10: 4811044855 | H10: Có gia đình | I10: 49186001273 | J10: Cục Cảnh sát Quản lý hành chính về trật tự xã hội | K10: 4/16/2021 | L10: - - Quảng Nam | M10: Quảng Nam | N10: 40 Trần Quý Khoách, Hòa Minh, Liên Chiểu, Đà Nẵng | O10: 40 Trần Quý Khoách, Hòa Minh, Liên Chiểu, Đà Nẵng | P10: 906542259 | Q10: ptndieu@ued.udn.vn | R10: Kinh | T10: 40553 | U10: 40918 | V10: ĐHĐN | W10: Chuyên viên | X10: HĐ không xác định thời hạn | Y10: Đã hết tập sự | AB10: 0000-00-00 | AE10: 0000-00-00 | AG10: 0 | AH10: Thạc sỹ | AI10: VII | AJ10: Môi trường và bảo vệ môi trường | AK10: Sinh môi trường | AL10: Chuyên viên | AM10: Trường Đại học Bách khoa - Đại học Đà Nẵng | AN10: Chính quy | AO10: Việt Nam | AP10: 805 | AQ10: 2015 | AR10: Sơ cấp | AV10: 0 | AW10: Thạc sỹ | AX10: 0 | AY10: Công chức loại A1 | AZ10: 5 | BA10: 3.66
A11: Lê Thị Giang | B11: D2504030.000498 | C11: 28378 | D11: Nữ | E11: Phòng Đào tạo - Trường ĐHSP | F11: D2504030 | G11: 402009905 | H11: Có gia đình | I11: 31177010139 | J11: Cục Cảnh sát Quản lý hành chính về trật tự xã hội | K11: 8/17/2021 | L11: Cát Trinh, Phù Cát - - Bình Định | M11: Hà Nội | N11: Tổ 20, Quang Thành 3A, Hòa Khánh Bắc, Liên Chiểu, Đà Nẵng | O11: K9/26 Lạc Long Quân, Hòa Khánh Bắc, Liên Chiểu, Đà Nẵng | P11: 905139695 | Q11: ltgiang@ued.udn.vn | R11: Kinh | T11: 37058 | U11: 39271 | V11: Trường ĐHSP - ĐHĐN | W11: Chuyên viên | X11: HĐ không xác định thời hạn | Y11: Giáo vụ | AB11: 0000-00-00 | AE11: 6/22/2015 | AG11: 1 | AH11: Thạc sỹ | AK11: Quản lý Giáo dục | AL11: Chuyên viên | AM11: Trường Đại học Sư phạm - Đại học Đà Nẵng | AN11: Chính quy | AO11: Việt Nam | AP11: 807 | AQ11: 2008 | AR11: Sơ cấp | AU11: Trình độ C | AV11: 0 | AW11: Thạc sỹ | AX11: 0 | AY11: Công chức loại A1 | AZ11: 8 | BA11: 4.65
A12: Phạm Thị Lam Giang | B12: D2504500.000032 | C12: 27677 | D12: Nữ | E12: Phòng Đào tạo - Trường ĐHSP | F12: D2504030 | G12: 3497065695 | H12: Có gia đình | I12: 49175014137 | J12: Cục Cảnh sát Quản lý hành chính về trật tự xã hội | K12: 6/28/2021 | L12: Hợp Thành, Yên Thành - - Nghệ An | M12: Điện Phương, Điện Bàn, Quảng Nam | N12: 03 Nguyễn Thái Học, Hải Châu I, Hải Châu, Đà Nẵng | O12: 106 Nguyễn Xuân Khoát, An Hải Bắc, Sơn Trà, Đà Nẵng | P12: 983979207 | Q12: ptlgiang@ued.udn.vn | R12: Kinh | T12: 35194 | U12: 0000-00-00 | W12: Chuyên viên | X12: HĐ không xác định thời hạn | Y12: Giáo vụ | AB12: 0000-00-00 | AE12: 0000-00-00 | AG12: 1 | AH12: Đại học | AI12: I | AJ12: Khoa học giáo dục và đào tạo giáo viên | AK12: Giáo dục Tiểu học | AL12: Chuyên viên | AM12: Đại học Huế | AN12: Từ xa | AO12: Việt Nam | AP12: 803 | AQ12: 2000 | AS12: Chuyên viên | AU12: Tin học VP | AV12: 0 | AW12: Đại học | AX12: 0 | AY12: Công chức loại A1 | AZ12: 9 | BA12: 4.98
A13: Nguyễn Thị Bích Huyền | B13: D2501120.211159 | C13: 32593 | D13: Nữ | E13: Phòng Đào tạo - Trường ĐHSP | F13: D2504030 | G13: 4811044856 | H13: Có gia đình | I13: 48189005862 | J13: Cục Cảnh sát Quản lý hành chính về trật tự xã hội | K13: 44234 | L13: Hòa Minh, Liên Chiểu - - Đà Nẵng | M13: Hòa Minh, Liên Chiểu, Đà Nẵng | N13: 52 Nguyễn Như Hạnh, Hòa Minh, Liên Chiểu, Đà Nẵng | O13: 52 Nguyễn Như Hạnh, Hòa Minh, Liên Chiểu, Đà Nẵng | P13: 982765416 | Q13: ntbhuyen@ued.udn.vn | R13: Kinh | T13: 40553 | U13: 40919 | V13: Đại học Đà Nẵng | W13: Chuyên viên | X13: HĐ không xác định thời hạn | AB13: 0000-00-00 | AE13: 0000-00-00 | AG13: 1 | AH13: Thạc sỹ | AI13: III | AJ13: Kinh doanh và quản lý | AK13: Tài chính Ngân hàng | AL13: Chuyên viên | AM13: Đại học Đà Nẵng | AN13: Chính quy | AO13: Việt Nam | AP13: 800 | AQ13: 2015 | AS13: Chuyên viên | AU13: Trình độ B | AV13: 0 | AW13: Thạc sỹ | AX13: 0 | AY13: Công chức loại A1 | AZ13: 5 | BA13: 3.66
A14: Nguyễn Linh | B14: D2504030.210110 | C14: 34617 | D14: Nam | E14: Phòng Đào tạo - Trường ĐHSP | F14: D2504030 | G14: 4921171072 | H14: Có gia đình | I14: 49094010613 | J14: Cục Cảnh sát Quản lý hành chính về trật tự xã hội | K14: 44990 | L14: Tam Thái, Phú Ninh - - Quảng Nam | M14: Tiên Lập, Tiên Phước, Quảng Nam | N14: Thôn 2, Tiên Lập, Tiên Phước, Quảng Nam | O14: Tổ 63, Hòa Minh, Liên Chiểu, Đà Nẵng | P14: 387847330 | Q14: nlinh@ued.udn.vn | R14: Kinh | T14: 44199 | U14: 44637 | W14: Chuyên viên | X14: HĐ xác định thời hạn (1-5 năm) | AE14: 3/30/2016 | AG14: 0 | AH14: Thạc sỹ | AI14: III | AJ14: Kinh doanh và quản lý | AK14: Quản lý Kinh tế | AL14: Chuyên viên | AN14: Chính quy | AO14: Việt Nam | AP14: Trường Đại học Kinh tế - Đại học Đà Nẵng | AQ14: 2021 | AR14: Sơ cấp | AS14: Chuyên viên | AU14: Đại học | AW14: Thạc sỹ | AX14: 0 | AY14: Công chức loại A1 | AZ14: 2 | BA14: 2.67
A15: Trần Đức Mạnh | B15: D2504220.070102 | C15: 30020 | D15: Nam | E15: Phòng Đào tạo - Trường ĐHSP | F15: D2504030 | G15: 4808004736 | H15: Có gia đình | I15: 40082026898 | J15: Cục Cảnh sát Quản lý hành chính về trật tự xã hội | K15: 44805 | L15: - Tx Tam Kỳ - | M15: Đặng Sơn, Đô Lương, Nghệ An | N15: 149/36 Lê Đình Lý, Hòa Thuận Đông, Hải Châu, Đà Nẵng | O15: 149/36 Lê Đình Lý, Hòa Thuận Đông, Hải Châu, Đà Nẵng | P15: 934796127 | Q15: tdmanh@ued.udn.vn | R15: Kinh | T15: 39086 | U15: 39455 | V15: Trường Đại học Sư phạm - ĐHĐN | W15: Giảng viên | X15: HĐ không xác định thời hạn | Y15: Giảng viên | AA15: Trưởng Phòng | AB15: 4/23/2024 | AD15: Trưởng khoa Khoa Hóa học (23/3/2020), Phó Trưởng khoa (01-01-2019) | AE15: 6/28/2008 | AG15: 1 | AH15: Tiến sỹ | AI15: IV | AJ15: Khoa học tự nhiên | AK15: Hóa Hữu cơ | AL15: Giảng viên chính (hạng II) | AN15: Chính quy | AO15: Việt Nam | AP15: Đại học Đà Nẵng | AQ15: 2020 | AR15: Cao cấp | AT15: Chứng chỉ Nghiệp vụ sư phạm | AU15: Trình độ A | AV15: 0 | AW15: Tiến sỹ | AX15: 0 | AY15: Viên chức loại A2 - nhóm 1 | AZ15: 2 | BA15: 4.74
A16: Đặng Thị Minh | B16: D2504220.090075 | C16: 30234 | D16: Nữ | E16: Phòng Đào tạo - Trường ĐHSP | F16: D2504030 | G16: 4810005101 | H16: Có gia đình | I16: 40182012005 | J16: Cục Cảnh sát Quản lý hành chính về trật tự xã hội | K16: 11/23/2022 | L16: Nam Kim, Nam Đàn - - Nghệ An | M16: Nam Kim, Nam Đàn, Nghệ An | N16: Tổ 17, Hòa Khánh Nam, Liên Chiểu, Đà Nẵng | O16: 67 Nguyễn Công Hoan, Hòa An, Cẩm Lệ, Đà Nẵng | P16: 982466932 | Q16: dtminh@ued.udn.vn | R16: Kinh | S16: Gia đình thương binh | T16: 42736 | U16: 40544 | V16: Trường Đại học Sư phạm - ĐHĐN | W16: Chuyên viên | X16: HĐ không xác định thời hạn | Y16: Giáo vụ | AB16: 0000-00-00 | AE16: 2/21/2011 | AG16: 1 | AH16: Đại học | AI16: III | AJ16: Kinh doanh và quản lý | AK16: Kế toán | AL16: Chuyên viên | AM16: Trường ĐH Thương mại | AN16: Tại chức | AO16: Việt Nam | AP16: 116 | AQ16: 2007 | AR16: Sơ cấp | AU16: Trình độ B | AV16: 0 | AW16: Đại học | AX16: 0 | AY16: Công chức loại A1 | AZ16: 6 | BA16: 3.99
A17: Nguyễn Thị Lê Na | B17: D2504511.120063 | C17: 31936 | D17: Nữ | E17: Phòng Đào tạo - Trường ĐHSP | F17: D2504030 | G17: 4813008508 | H17: Có gia đình | I17: 40187008763 | J17: Cục Cảnh sát Quản lý hành chính về trật tự xã hội | K17: 4/19/2021 | L17: Phúc Thành - Yên Thành - Nghệ An | M17: Phúc Thành, Yên Thành, Nghệ An | N17: 191 Lê Văn Hiến, Khuê Mỹ, Ngũ Hành Sơn, Đà Nẵng | O17: 191 Lê Văn Hiến, Khuê Mỹ, Ngũ Hành Sơn, Đà Nẵng | P17: 984431043 | Q17: ntlna@ued.udn.vn | R17: Kinh | T17: 40920 | U17: 41286 | V17: Trường ĐHSP - ĐHĐN | W17: Chuyên viên | X17: HĐ không xác định thời hạn | AB17: 0000-00-00 | AE17: 0000-00-00 | AG17: 1 | AH17: Đại học | AI17: VII | AJ17: Nhân văn | AK17: Địa lý | AL17: Chuyên viên | AM17: Trường ĐH Sư phạm (ĐH Đà Nẵng) | AN17: Chính quy | AO17: Việt Nam | AP17: 83 | AQ17: 2010 | AS17: Chuyên viên | AU17: Tin học VP | AV17: 0 | AW17: Đại học | AX17: 0 | AY17: Công chức loại A1 | AZ17: 5 | BA17: 3.66
A18: Nguyễn Minh Phong | B18: D2504500.000527 | C18: 30008 | D18: Nam | E18: Phòng Đào tạo - Trường ĐHSP | F18: D2504030 | G18: 4808000512 | H18: Có gia đình | I18: 48082005089 | J18: Cục Cảnh sát Quản lý hành chính về trật tự xã hội | K18: 8/20/2021 | L18: Văn Hóa, Tuyên Hóa - - Quảng Bình | M18: Hòa Khánh, Liên Chiểu, Đà Nẵng | N18: Số 77 Phạm Như Xương, Hòa Khánh Nam, Liên Chiểu, Đà Nẵng | O18: Số 77 Phạm Như Xương, Hòa Khánh Nam, Liên Chiểu, Đà Nẵng | P18: 905997364 | Q18: nmphong@ued.udn.vn | R18: Kinh | T18: 39814 | U18: 40179 | V18: Trường ĐHSP - ĐHĐN | W18: Chuyên viên | X18: HĐ không xác định thời hạn | AB18: 0000-00-00 | AE18: 42739 | AG18: 1 | AH18: Thạc sỹ | AI18: VII | AJ18: Nhân văn | AK18: Văn học Việt Nam | AL18: Chuyên viên | AM18: Trường ĐH Sư phạm (ĐH Đà Nẵng) | AN18: Chính quy | AO18: Việt Nam | AP18: 83 | AQ18: 2009 | AR18: Sơ cấp | AS18: Chuyên viên | AU18: Tin học VP | AV18: 0 | AW18: Thạc sỹ | AX18: 0 | AY18: Công chức loại A1 | AZ18: 5 | BA18: 3.66
A19: Đỗ Thị Kim Phượng | B19: D2504500.000505 | C19: 27688 | D19: Nữ | E19: Phòng Đào tạo - Trường ĐHSP | F19: D2504030 | G19: 402009934 | H19: Có gia đình | I19: 49175004270 | J19: Cục Cảnh sát Quản lý hành chính về trật tự xã hội | K19: 12/22/2021 | L19: Cẩm Phô, Hội An - - Quảng Nam | M19: Hội An, Quảng Nam | N19: Số 640 Điện Biên Phủ, Thanh Khê Tây, Thanh Khê, Đà Nẵng | O19: Số 66 Đà Sơn, Hòa Khánh Nam, Liên Chiểu, Đà Nẵng | P19: 988088068 | Q19: dtkphuong@ued.udn.vn | R19: Kinh | T19: 37277 | U19: 39749 | V19: Trường Thực hành Sư phạm | W19: Chuyên viên | X19: HĐ không xác định thời hạn | Y19: Công tác tuyển sinh đào tạo | AB19: 0000-00-00 | AE19: 0000-00-00 | AG19: 1 | AH19: Thạc sỹ | AI19: VII | AJ19: Nhân văn | AK19: Quản lí giáo dục | AL19: Chuyên viên | AN19: Chính quy | AO19: Việt Nam | AP19: Trường Đại học Sư phạm - ĐHĐN | AQ19: 2020 | AS19: Chuyên viên | AV19: 0 | AW19: Thạc sỹ | AX19: 0 | AY19: Công chức loại A1 | AZ19: 7 | BA19: 4.32
A20: Văn Thị Ngọc Trâm | B20: D2504030.220114 | C20: 35262 | D20: Nữ | E20: Phòng Đào tạo - Trường ĐHSP | F20: D2504030 | G20: 4024907834 | H20: Có gia đình | I20: 40196026207 | J20: Cục Cảnh sát Quản lý hành chính về trật tự xã hội | K20: 44663 | L20: Nam Thái - Nam Đàn - Nghệ An | M20: Nam Thái, Nam Đàn, Nghệ An | N20: Nam Thái, Nam Đàn, Nghệ An | O20: 07 Chơn Tâm 3, Hòa Khánh Nam, Liên Chiểu, Đà Nẵng | P20: 328721898 | Q20: vtntram@ued.udn.vn | R20: Kinh | T20: 44568 | U20: 44933 | W20: Chuyên viên | X20: HĐ xác định thời hạn (1-5 năm) | AG20: 0 | AH20: Đại học | AI20: VII | AJ20: Nhân văn | AK20: Văn học | AL20: Chuyên viên | AN20: Chính quy | AO20: Việt Nam | AP20: Trường Đại học Sư phạm - Đại học Đà Nẵng | AQ20: 2018 | AU20: Chuẩn kỹ năng CNTT cơ bản | AW20: Đại học | AX20: 0 | AY20: Công chức loại A1 | AZ20: 1 | BA20: 2.34
A21: Trần Thùy Trang | B21: D2504270.190212 | C21: 34268 | D21: Nữ | E21: Phòng Đào tạo - Trường ĐHSP | F21: D2504030 | G21: 4820064891 | H21: Độc thân | I21: 48193007223 | J21: Cục Cảnh sát Quản lý hành chính về trật tự xã hội | K21: 12/22/2021 | L21: - Hoà Vang - Đà Nẵng | M21: Hòa Khánh, Liên Chiểu, Đà Nẵng | N21: 701 Tôn Đức Thắng, Hòa Khánh Bắc, Liên Chiểu, Đà Nẵng | O21: 701 Tôn Đức Thắng, Hòa Khánh Bắc, Liên Chiểu, Đà Nẵng | P21: 905576586 | Q21: tttrang@ued.udn.vn | R21: Hoa | T21: 43997 | U21: 44362 | W21: Thư ký khoa | X21: HĐ không xác định thời hạn | AG21: 0 | AH21: Đại học | AK21: Công nghệ Thông tin | AL21: Chuyên viên | AN21: Chính quy | AO21: Việt Nam | AP21: Trường Đại học Sư phạm - Đại học Đà Nẵng | AQ21: 2015 | AU21: Đại học | AW21: Đại học | AX21: 0 | AY21: Công chức loại A1 | AZ21: 2 | BA21: 2.67
